#options: 1920x1080 fps=30/1 timebase=1/30 bitdepth=8 cabac=1 ref=1 deblock=1:0:0 analyse=0x1:0 me=dia subme=2 psy=1 psy_rd=1.00:0.00 mixed_ref=0 me_range=16 chroma_me=1 trellis=0 8x8dct=0 cqm=0 deadzone=21,11 fast_pskip=1 chroma_qp_offset=0 threads=24 lookahead_threads=8 sliced_threads=0 nr=0 decimate=1 interlaced=0 bluray_compat=0 constrained_intra=0 bframes=3 b_pyramid=2 b_adapt=1 b_bias=0 direct=3 weightb=1 open_gop=0 weightp=2 keyint=250 keyint_min=25 scenecut=40 intra_refresh=0 rc_lookahead=50 rc=abr mbtree=1 bitrate=2100 ratetol=1.0 qcomp=0.60 qpmin=0 qpmax=69 qpstep=4 ip_ratio=1.40 aq=1:1.00
in:0 out:0 type:I dur:2 cpbdur:2 q:33.09 aq:19.13 tex:566775 mv:153861 misc:364 imb:8160 pmb:0 smb:0 d:- ref:;
in:4 out:1 type:P dur:2 cpbdur:2 q:35.14 aq:19.32 tex:3852 mv:1424 misc:2484 imb:41 pmb:360 smb:7759 d:- ref:0 ;
in:2 out:2 type:B dur:2 cpbdur:2 q:35.14 aq:22.16 tex:22 mv:5 misc:397 imb:0 pmb:1 smb:8159 d:- ref:0 ;
in:1 out:3 type:b dur:2 cpbdur:2 q:35.14 aq:30.00 tex:0 mv:0 misc:384 imb:0 pmb:0 smb:8160 d:- ref:0 ;
in:3 out:4 type:b dur:2 cpbdur:2 q:35.14 aq:30.00 tex:0 mv:0 misc:384 imb:0 pmb:0 smb:8160 d:- ref:0 ;
in:8 out:5 type:P dur:2 cpbdur:2 q:34.74 aq:18.86 tex:2807 mv:842 misc:1799 imb:25 pmb:229 smb:7906 d:- ref:0 ;
in:6 out:6 type:B dur:2 cpbdur:2 q:34.94 aq:22.16 tex:22 mv:5 misc:413 imb:0 pmb:1 smb:8159 d:- ref:0 ;
in:5 out:7 type:b dur:2 cpbdur:2 q:35.04 aq:30.00 tex:0 mv:0 misc:384 imb:0 pmb:0 smb:8160 d:- ref:0 ;
in:7 out:8 type:b dur:2 cpbdur:2 q:34.84 aq:30.00 tex:0 mv:0 misc:384 imb:0 pmb:0 smb:8160 d:- ref:0 ;
in:12 out:9 type:P dur:2 cpbdur:2 q:34.30 aq:18.45 tex:2789 mv:748 misc:1759 imb:21 pmb:213 smb:7926 d:- ref:0 ;
in:10 out:10 type:B dur:2 cpbdur:2 q:34.52 aq:22.16 tex:22 mv:5 misc:413 imb:0 pmb:1 smb:8159 d:- ref:0 ;
in:9 out:11 type:b dur:2 cpbdur:2 q:34.63 aq:30.00 tex:0 mv:0 misc:384 imb:0 pmb:0 smb:8160 d:- ref:0 ;
in:11 out:12 type:b dur:2 cpbdur:2 q:34.41 aq:29.00 tex:0 mv:0 misc:384 imb:0 pmb:0 smb:8160 d:- ref:0 ;
in:16 out:13 type:P dur:2 cpbdur:2 q:33.84 aq:18.14 tex:3393 mv:767 misc:2000 imb:22 pmb:263 smb:7875 d:- ref:0 ;
in:14 out:14 type:B dur:2 cpbdur:2 q:34.07 aq:21.16 tex:22 mv:4 misc:414 imb:0 pmb:1 smb:8159 d:- ref:0 ;
in:13 out:15 type:b dur:2 cpbdur:2 q:34.19 aq:29.00 tex:0 mv:0 misc:384 imb:0 pmb:0 smb:8160 d:- ref:0 ;
in:15 out:16 type:b dur:2 cpbdur:2 q:33.96 aq:29.00 tex:0 mv:0 misc:384 imb:0 pmb:0 smb:8160 d:- ref:0 ;
in:20 out:17 type:P dur:2 cpbdur:2 q:33.36 aq:18.46 tex:4126 mv:1131 misc:2367 imb:25 pmb:330 smb:7805 d:- ref:0 ;
in:18 out:18 type:B dur:2 cpbdur:2 q:33.60 aq:21.68 tex:37 mv:7 misc:420 imb:0 pmb:2 smb:8158 d:- ref:0 ;
in:17 out:19 type:b dur:2 cpbdur:2 q:33.72 aq:29.00 tex:0 mv:0 misc:384 imb:0 pmb:0 smb:8160 d:- ref:0 ;
in:19 out:20 type:b dur:2 cpbdur:2 q:33.48 aq:28.00 tex:0 mv:0 misc:384 imb:0 pmb:0 smb:8160 d:- ref:0 ;
in:24 out:21 type:P dur:2 cpbdur:2 q:32.85 aq:18.48 tex:4850 mv:1292 misc:2514 imb:24 pmb:371 smb:7765 d:- ref:0 ;
in:22 out:22 type:B dur:2 cpbdur:2 q:33.10 aq:20.85 tex:38 mv:7 misc:419 imb:0 pmb:2 smb:8158 d:- ref:0 ;
in:21 out:23 type:b dur:2 cpbdur:2 q:33.23 aq:28.00 tex:0 mv:0 misc:384 imb:0 pmb:0 smb:8160 d:- ref:0 ;
in:23 out:24 type:b dur:2 cpbdur:2 q:32.98 aq:28.00 tex:0 mv:0 misc:384 imb:0 pmb:0 smb:8160 d:- ref:0 ;
in:28 out:25 type:P dur:2 cpbdur:2 q:36.85 aq:20.77 tex:208 mv:72 misc:576 imb:2 pmb:20 smb:8138 d:- ref:0 ;
in:26 out:26 type:B dur:2 cpbdur:2 q:34.85 aq:22.68 tex:37 mv:8 misc:419 imb:0 pmb:2 smb:8158 d:- ref:0 ;
in:25 out:27 type:b dur:2 cpbdur:2 q:33.85 aq:29.00 tex:0 mv:0 misc:384 imb:0 pmb:0 smb:8160 d:- ref:0 ;
in:27 out:28 type:b dur:2 cpbdur:2 q:35.85 aq:31.00 tex:0 mv:0 misc:384 imb:0 pmb:0 smb:8160 d:- ref:0 ;
in:32 out:29 type:P dur:2 cpbdur:2 q:34.71 aq:18.38 tex:288 mv:86 misc:682 imb:1 pmb:38 smb:8121 d:- ref:0 ;
in:30 out:30 type:B dur:2 cpbdur:2 q:35.78 aq:23.68 tex:37 mv:8 misc:419 imb:0 pmb:2 smb:8158 d:- ref:0 ;
in:29 out:31 type:b dur:2 cpbdur:2 q:36.32 aq:31.00 tex:0 mv:0 misc:384 imb:0 pmb:0 smb:8160 d:- ref:0 ;
in:31 out:32 type:b dur:2 cpbdur:2 q:35.25 aq:30.00 tex:0 mv:0 misc:384 imb:0 pmb:0 smb:8160 d:- ref:0 ;
in:36 out:33 type:P dur:2 cpbdur:2 q:30.24 aq:17.00 tex:54932 mv:10238 misc:7702 imb:153 pmb:2569 smb:5438 d:- ref:0 ;
in:34 out:34 type:B dur:2 cpbdur:2 q:32.47 aq:20.68 tex:37 mv:7 misc:420 imb:0 pmb:2 smb:8158 d:- ref:0 ;
in:33 out:35 type:b dur:2 cpbdur:2 q:33.59 aq:29.00 tex:0 mv:0 misc:384 imb:0 pmb:0 smb:8160 d:- ref:0 ;
in:35 out:36 type:b dur:2 cpbdur:2 q:31.36 aq:26.00 tex:0 mv:0 misc:384 imb:0 pmb:0 smb:8160 d:- ref:0 ;
in:40 out:37 type:P dur:2 cpbdur:2 q:27.08 aq:14.18 tex:315007 mv:22807 misc:5258 imb:414 pmb:6441 smb:1305 d:- ref:0 ;
in:38 out:38 type:B dur:2 cpbdur:2 q:28.66 aq:19.83 tex:185 mv:56 misc:559 imb:0 pmb:22 smb:8138 d:- ref:0 ;
in:37 out:39 type:b dur:2 cpbdur:2 q:29.45 aq:24.00 tex:5 mv:20 misc:439 imb:0 pmb:6 smb:8154 d:s ref:0 ;
in:39 out:40 type:b dur:2 cpbdur:2 q:27.87 aq:21.52 tex:39 mv:7 misc:410 imb:0 pmb:2 smb:8158 d:- ref:0 ;
in:44 out:41 type:P dur:2 cpbdur:2 q:24.62 aq:12.01 tex:365720 mv:13785 misc:5279 imb:190 pmb:6612 smb:1358 d:- ref:0 ;
in:42 out:42 type:B dur:2 cpbdur:2 q:25.85 aq:18.57 tex:384 mv:153 misc:767 imb:0 pmb:57 smb:8103 d:s ref:0 ;
in:41 out:43 type:b dur:2 cpbdur:2 q:26.47 aq:19.41 tex:82 mv:82 misc:644 imb:0 pmb:38 smb:8122 d:s ref:0 ;
in:43 out:44 type:b dur:2 cpbdur:2 q:25.23 aq:18.10 tex:64 mv:16 misc:448 imb:0 pmb:7 smb:8153 d:- ref:0 ;
in:48 out:45 type:P dur:2 cpbdur:2 q:22.57 aq:10.33 tex:406320 mv:8373 misc:6203 imb:136 pmb:6253 smb:1771 d:- ref:0 ;
in:46 out:46 type:B dur:2 cpbdur:2 q:23.59 aq:14.55 tex:917 mv:300 misc:1287 imb:0 pmb:144 smb:8016 d:s ref:0 ;
in:45 out:47 type:b dur:2 cpbdur:2 q:24.10 aq:18.36 tex:205 mv:146 misc:1025 imb:0 pmb:102 smb:8058 d:s ref:0 ;
in:47 out:48 type:b dur:2 cpbdur:2 q:23.08 aq:16.88 tex:212 mv:33 misc:523 imb:0 pmb:19 smb:8141 d:- ref:0 ;
in:52 out:49 type:P dur:2 cpbdur:2 q:20.75 aq:8.86 tex:411941 mv:6095 misc:6572 imb:95 pmb:6124 smb:1941 d:- ref:0 ;
in:50 out:50 type:B dur:2 cpbdur:2 q:21.66 aq:13.41 tex:2230 mv:619 misc:2423 imb:0 pmb:377 smb:7783 d:s ref:0 ;
in:49 out:51 type:b dur:2 cpbdur:2 q:22.12 aq:15.51 tex:541 mv:230 misc:2005 imb:0 pmb:285 smb:7875 d:s ref:0 ;
in:51 out:52 type:b dur:2 cpbdur:2 q:21.21 aq:14.15 tex:397 mv:40 misc:619 imb:0 pmb:34 smb:8126 d:- ref:0 ;
in:56 out:53 type:P dur:2 cpbdur:2 q:19.17 aq:8.07 tex:391860 mv:4278 misc:6998 imb:62 pmb:5765 smb:2333 d:- ref:0 ;
in:54 out:54 type:B dur:2 cpbdur:2 q:19.96 aq:13.37 tex:3517 mv:749 misc:3158 imb:0 pmb:549 smb:7611 d:s ref:0 ;
in:53 out:55 type:b dur:2 cpbdur:2 q:20.35 aq:14.81 tex:920 mv:353 misc:2631 imb:0 pmb:412 smb:7748 d:s ref:0 ;
in:55 out:56 type:b dur:2 cpbdur:2 q:19.56 aq:14.52 tex:978 mv:97 misc:973 imb:0 pmb:94 smb:8066 d:- ref:0 ;
in:60 out:57 type:P dur:2 cpbdur:2 q:18.49 aq:7.71 tex:114328 mv:1797 misc:7291 imb:14 pmb:2438 smb:5708 d:- ref:0 ;
in:58 out:58 type:B dur:2 cpbdur:2 q:18.83 aq:13.20 tex:3818 mv:589 misc:2585 imb:0 pmb:418 smb:7742 d:s ref:0 ;
in:57 out:59 type:b dur:2 cpbdur:2 q:19.00 aq:13.90 tex:1465 mv:418 misc:1885 imb:0 pmb:265 smb:7895 d:s ref:0 ;
in:59 out:60 type:b dur:2 cpbdur:2 q:18.66 aq:13.59 tex:1441 mv:99 misc:1236 imb:0 pmb:138 smb:8022 d:- ref:0 ;
in:64 out:61 type:P dur:2 cpbdur:2 q:19.92 aq:11.67 tex:10366 mv:356 misc:3462 imb:4 pmb:621 smb:7535 d:- ref:0 ;
in:62 out:62 type:B dur:2 cpbdur:2 q:19.20 aq:13.22 tex:3373 mv:209 misc:1962 imb:0 pmb:279 smb:7881 d:s ref:0 ;
in:61 out:63 type:b dur:2 cpbdur:2 q:18.85 aq:13.36 tex:1410 mv:75 misc:1243 imb:0 pmb:138 smb:8022 d:s ref:0 ;
in:63 out:64 type:b dur:2 cpbdur:2 q:19.56 aq:14.37 tex:870 mv:89 misc:897 imb:0 pmb:81 smb:8079 d:- ref:0 ;
in:68 out:65 type:P dur:2 cpbdur:2 q:21.63 aq:13.01 tex:2045 mv:168 misc:1331 imb:4 pmb:148 smb:8008 d:s ref:0 ;
in:66 out:66 type:B dur:2 cpbdur:2 q:20.77 aq:13.47 tex:1653 mv:111 misc:1324 imb:0 pmb:155 smb:8005 d:s ref:0 ;
in:65 out:67 type:b dur:2 cpbdur:2 q:20.35 aq:14.22 tex:394 mv:49 misc:637 imb:0 pmb:34 smb:8126 d:s ref:0 ;
in:67 out:68 type:b dur:2 cpbdur:2 q:21.20 aq:18.59 tex:40 mv:9 misc:439 imb:0 pmb:4 smb:8156 d:- ref:0 ;
in:72 out:69 type:P dur:2 cpbdur:2 q:22.90 aq:16.41 tex:486977 mv:58708 misc:1963 imb:5029 pmb:2761 smb:370 d:s ref:0 w:7,113,17,6,58,11,57,14 ;
in:70 out:70 type:B dur:2 cpbdur:2 q:22.26 aq:16.26 tex:110567 mv:30758 misc:5283 imb:1523 pmb:3397 smb:3240 d:s ref:0 ;
in:69 out:71 type:b dur:2 cpbdur:2 q:21.94 aq:18.74 tex:9663 mv:2180 misc:2733 imb:26 pmb:859 smb:7275 d:s ref:0 ;
in:71 out:72 type:b dur:2 cpbdur:2 q:22.58 aq:16.18 tex:10086 mv:2563 misc:3767 imb:51 pmb:801 smb:7308 d:- ref:0 ;
in:76 out:73 type:P dur:2 cpbdur:2 q:25.03 aq:18.75 tex:560418 mv:63254 misc:1016 imb:5807 pmb:2306 smb:47 d:s ref:0 w:3,7,20,7,112,15,109,20 ;
in:74 out:74 type:B dur:2 cpbdur:2 q:23.96 aq:16.34 tex:25787 mv:7718 misc:5463 imb:201 pmb:1763 smb:6196 d:s ref:0 ;
in:73 out:75 type:b dur:2 cpbdur:2 q:23.43 aq:16.85 tex:14412 mv:5008 misc:4188 imb:102 pmb:1236 smb:6822 d:s ref:0 ;
in:75 out:76 type:b dur:2 cpbdur:2 q:24.50 aq:17.60 tex:12985 mv:5014 misc:4353 imb:125 pmb:1181 smb:6854 d:- ref:0 ;
in:80 out:77 type:P dur:2 cpbdur:2 q:26.34 aq:19.85 tex:568983 mv:65367 misc:986 imb:5869 pmb:2237 smb:54 d:s ref:0 w:7,121,10,7,115,12,112,17 ;
in:78 out:78 type:B dur:2 cpbdur:2 q:25.69 aq:17.80 tex:17647 mv:5278 misc:5019 imb:144 pmb:1485 smb:6531 d:s ref:0 ;
in:77 out:79 type:b dur:2 cpbdur:2 q:25.36 aq:18.52 tex:12479 mv:5069 misc:4404 imb:108 pmb:1325 smb:6727 d:s ref:0 ;
in:79 out:80 type:b dur:2 cpbdur:2 q:26.01 aq:18.72 tex:8462 mv:4324 misc:3702 imb:82 pmb:1046 smb:7032 d:- ref:0 ;
in:84 out:81 type:P dur:2 cpbdur:2 q:26.51 aq:19.72 tex:608121 mv:63975 misc:1416 imb:5810 pmb:2100 smb:250 d:s ref:0 ;
in:82 out:82 type:B dur:2 cpbdur:2 q:26.42 aq:18.17 tex:13757 mv:4167 misc:4468 imb:99 pmb:1248 smb:6813 d:s ref:0 ;
in:81 out:83 type:b dur:2 cpbdur:2 q:26.38 aq:18.90 tex:3898 mv:1218 misc:2436 imb:23 pmb:493 smb:7644 d:s ref:0 ;
in:83 out:84 type:b dur:2 cpbdur:2 q:26.47 aq:18.94 tex:2319 mv:641 misc:1664 imb:12 pmb:253 smb:7895 d:- ref:0 ;
in:88 out:85 type:P dur:2 cpbdur:2 q:26.02 aq:18.82 tex:706471 mv:63055 misc:866 imb:6259 pmb:1878 smb:23 d:s ref:0 w:6,73,-19,6,66,-4,67,-6 ;
in:86 out:86 type:B dur:2 cpbdur:2 q:26.26 aq:17.91 tex:12919 mv:3280 misc:4353 imb:66 pmb:1163 smb:6931 d:s ref:0 ;
in:85 out:87 type:b dur:2 cpbdur:2 q:26.39 aq:19.40 tex:6196 mv:2808 misc:3156 imb:62 pmb:763 smb:7335 d:s ref:0 ;
in:87 out:88 type:b dur:2 cpbdur:2 q:26.14 aq:19.08 tex:4765 mv:1612 misc:2775 imb:35 pmb:544 smb:7581 d:- ref:0 ;
in:90 out:89 type:P dur:2 cpbdur:2 q:25.54 aq:11.49 tex:1227532 mv:67354 misc:826 imb:4903 pmb:3254 smb:3 d:s ref:0 w:6,69,-10,6,64,0,67,-6 ;
in:89 out:90 type:b dur:2 cpbdur:2 q:25.78 aq:18.98 tex:14028 mv:6027 misc:4921 imb:157 pmb:2101 smb:5902 d:s ref:0 ;
in:94 out:91 type:P dur:2 cpbdur:2 q:25.93 aq:11.93 tex:89272 mv:8125 misc:7939 imb:67 pmb:3215 smb:4878 d:s ref:0 ;
in:92 out:92 type:B dur:2 cpbdur:2 q:25.73 aq:17.53 tex:855 mv:224 misc:1057 imb:0 pmb:112 smb:8048 d:s ref:0 ;
in:91 out:93 type:b dur:2 cpbdur:2 q:25.64 aq:18.08 tex:263 mv:60 misc:605 imb:0 pmb:30 smb:8130 d:s ref:0 ;
in:93 out:94 type:b dur:2 cpbdur:2 q:25.83 aq:18.55 tex:229 mv:33 misc:530 imb:0 pmb:20 smb:8140 d:- ref:0 ;
in:98 out:95 type:P dur:2 cpbdur:2 q:25.96 aq:11.65 tex:33197 mv:2735 misc:5716 imb:35 pmb:1439 smb:6686 d:s ref:0 ;
in:96 out:96 type:B dur:2 cpbdur:2 q:25.95 aq:17.44 tex:557 mv:99 misc:824 imb:0 pmb:71 smb:8089 d:s ref:0 ;
in:95 out:97 type:b dur:2 cpbdur:2 q:25.94 aq:18.65 tex:227 mv:27 misc:522 imb:0 pmb:19 smb:8141 d:s ref:0 ;
in:97 out:98 type:b dur:2 cpbdur:2 q:25.96 aq:18.56 tex:203 mv:26 misc:523 imb:0 pmb:18 smb:8142 d:- ref:0 ;
in:102 out:99 type:P dur:2 cpbdur:2 q:26.13 aq:11.75 tex:16856 mv:1316 misc:4532 imb:27 pmb:940 smb:7193 d:s ref:0 ;
in:100 out:100 type:B dur:2 cpbdur:2 q:26.05 aq:17.47 tex:470 mv:68 misc:742 imb:0 pmb:56 smb:8104 d:s ref:0 ;
in:99 out:101 type:b dur:2 cpbdur:2 q:26.01 aq:18.56 tex:233 mv:29 misc:538 imb:0 pmb:21 smb:8139 d:s ref:0 ;
in:101 out:102 type:b dur:2 cpbdur:2 q:26.09 aq:18.32 tex:164 mv:25 misc:499 imb:0 pmb:15 smb:8145 d:- ref:0 ;
in:106 out:103 type:P dur:2 cpbdur:2 q:26.50 aq:12.18 tex:10200 mv:802 misc:3830 imb:25 pmb:711 smb:7424 d:s ref:0 ;
in:104 out:104 type:B dur:2 cpbdur:2 q:26.32 aq:17.17 tex:469 mv:43 misc:736 imb:0 pmb:57 smb:8103 d:s ref:0 ;
in:103 out:105 type:b dur:2 cpbdur:2 q:26.22 aq:18.32 tex:135 mv:18 misc:479 imb:0 pmb:11 smb:8149 d:s ref:0 ;
in:105 out:106 type:b dur:2 cpbdur:2 q:26.41 aq:18.42 tex:145 mv:19 misc:484 imb:0 pmb:11 smb:8149 d:- ref:0 ;
in:110 out:107 type:P dur:2 cpbdur:2 q:26.93 aq:12.76 tex:5981 mv:556 misc:2895 imb:18 pmb:463 smb:7679 d:s ref:0 ;
in:108 out:108 type:B dur:2 cpbdur:2 q:26.72 aq:18.00 tex:343 mv:33 misc:648 imb:0 pmb:37 smb:8123 d:s ref:0 ;
in:107 out:109 type:b dur:2 cpbdur:2 q:26.61 aq:18.73 tex:137 mv:20 misc:475 imb:0 pmb:10 smb:8150 d:s ref:0 ;
in:109 out:110 type:b dur:2 cpbdur:2 q:26.82 aq:19.32 tex:120 mv:15 misc:465 imb:0 pmb:9 smb:8151 d:- ref:0 ;
in:114 out:111 type:P dur:2 cpbdur:2 q:27.42 aq:13.18 tex:3653 mv:376 misc:2139 imb:12 pmb:294 smb:7854 d:s ref:0 ;
in:112 out:112 type:B dur:2 cpbdur:2 q:27.18 aq:17.58 tex:277 mv:36 misc:623 imb:0 pmb:34 smb:8126 d:s ref:0 ;
in:111 out:113 type:b dur:2 cpbdur:2 q:27.06 aq:19.27 tex:113 mv:19 misc:452 imb:0 pmb:8 smb:8152 d:s ref:0 ;
in:113 out:114 type:b dur:2 cpbdur:2 q:27.30 aq:19.27 tex:114 mv:19 misc:451 imb:0 pmb:8 smb:8152 d:- ref:0 ;
in:118 out:115 type:P dur:2 cpbdur:2 q:28.71 aq:15.32 tex:1447 mv:158 misc:1275 imb:4 pmb:132 smb:8024 d:s ref:0 ;
in:116 out:116 type:B dur:2 cpbdur:2 q:28.07 aq:18.85 tex:288 mv:34 misc:646 imb:0 pmb:36 smb:8124 d:s ref:0 ;
in:115 out:117 type:b dur:2 cpbdur:2 q:27.75 aq:20.32 tex:99 mv:16 misc:437 imb:0 pmb:7 smb:8153 d:s ref:0 ;
in:117 out:118 type:b dur:2 cpbdur:2 q:28.39 aq:20.32 tex:99 mv:16 misc:437 imb:0 pmb:7 smb:8153 d:- ref:0 ;
in:122 out:119 type:P dur:2 cpbdur:2 q:28.11 aq:14.93 tex:948 mv:170 misc:1050 imb:5 pmb:94 smb:8061 d:s ref:0 ;
in:120 out:120 type:B dur:2 cpbdur:2 q:28.41 aq:18.84 tex:266 mv:30 misc:632 imb:0 pmb:33 smb:8127 d:s ref:0 ;
in:119 out:121 type:b dur:2 cpbdur:2 q:28.56 aq:20.35 tex:84 mv:15 misc:429 imb:0 pmb:6 smb:8154 d:s ref:0 ;
in:121 out:122 type:b dur:2 cpbdur:2 q:28.26 aq:20.32 tex:91 mv:15 misc:430 imb:0 pmb:6 smb:8154 d:- ref:0 ;
in:126 out:123 type:P dur:2 cpbdur:2 q:27.48 aq:14.40 tex:943 mv:202 misc:991 imb:8 pmb:81 smb:8071 d:s ref:0 ;
in:124 out:124 type:B dur:2 cpbdur:2 q:27.80 aq:19.45 tex:315 mv:32 misc:653 imb:0 pmb:37 smb:8123 d:s ref:0 ;
in:123 out:125 type:b dur:2 cpbdur:2 q:27.96 aq:20.32 tex:99 mv:16 misc:437 imb:0 pmb:7 smb:8153 d:s ref:0 ;
in:125 out:126 type:b dur:2 cpbdur:2 q:27.64 aq:19.61 tex:104 mv:16 misc:448 imb:0 pmb:7 smb:8153 d:- ref:0 ;
in:130 out:127 type:P dur:2 cpbdur:2 q:26.84 aq:14.61 tex:897 mv:165 misc:986 imb:5 pmb:82 smb:8073 d:s ref:0 ;
in:128 out:128 type:B dur:2 cpbdur:2 q:27.16 aq:18.48 tex:332 mv:37 misc:655 imb:0 pmb:38 smb:8122 d:s ref:0 ;
in:127 out:129 type:b dur:2 cpbdur:2 q:27.32 aq:19.27 tex:114 mv:19 misc:451 imb:0 pmb:8 smb:8152 d:s ref:0 ;
in:129 out:130 type:b dur:2 cpbdur:2 q:27.00 aq:19.27 tex:113 mv:19 misc:452 imb:0 pmb:8 smb:8152 d:- ref:0 ;
in:134 out:131 type:P dur:2 cpbdur:2 q:26.20 aq:15.06 tex:1575 mv:249 misc:1240 imb:7 pmb:136 smb:8017 d:s ref:0 ;
in:132 out:132 type:B dur:2 cpbdur:2 q:26.52 aq:17.35 tex:493 mv:38 misc:821 imb:0 pmb:64 smb:8096 d:s ref:0 ;
in:131 out:133 type:b dur:2 cpbdur:2 q:26.68 aq:18.61 tex:93 mv:16 misc:459 imb:0 pmb:7 smb:8153 d:s ref:0 ;
in:133 out:134 type:b dur:2 cpbdur:2 q:26.36 aq:18.49 tex:145 mv:24 misc:503 imb:0 pmb:14 smb:8146 d:- ref:0 ;
in:138 out:135 type:P dur:2 cpbdur:2 q:25.56 aq:16.25 tex:552 mv:122 misc:846 imb:2 pmb:62 smb:8096 d:s ref:0 ;
in:136 out:136 type:B dur:2 cpbdur:2 q:25.88 aq:17.41 tex:471 mv:43 misc:766 imb:0 pmb:56 smb:8104 d:s ref:0 ;
in:135 out:137 type:b dur:2 cpbdur:2 q:26.04 aq:18.71 tex:304 mv:35 misc:605 imb:0 pmb:31 smb:8129 d:s ref:0 ;
in:137 out:138 type:b dur:2 cpbdur:2 q:25.72 aq:17.34 tex:205 mv:29 misc:542 imb:0 pmb:20 smb:8140 d:- ref:0 ;
in:142 out:139 type:P dur:2 cpbdur:2 q:24.92 aq:18.48 tex:462920 mv:60838 misc:1018 imb:6135 pmb:1960 smb:65 d:s ref:0 w:7,111,16,7,109,18,107,21 ;
in:140 out:140 type:B dur:2 cpbdur:2 q:25.24 aq:17.46 tex:28430 mv:8319 misc:5523 imb:328 pmb:2750 smb:5082 d:s ref:0 ;
in:139 out:141 type:b dur:2 cpbdur:2 q:25.40 aq:18.94 tex:22948 mv:9629 misc:5319 imb:366 pmb:2703 smb:5091 d:s ref:0 ;
in:141 out:142 type:b dur:2 cpbdur:2 q:25.08 aq:18.03 tex:9027 mv:2590 misc:3879 imb:82 pmb:998 smb:7080 d:- ref:0 ;
in:146 out:143 type:P dur:2 cpbdur:2 q:24.87 aq:18.40 tex:567890 mv:65190 misc:824 imb:6184 pmb:1963 smb:13 d:s ref:0 w:7,117,10,7,120,8,115,13 ;
in:144 out:144 type:B dur:2 cpbdur:2 q:24.90 aq:16.75 tex:17878 mv:4738 misc:4816 imb:113 pmb:1400 smb:6647 d:s ref:0 ;
in:143 out:145 type:b dur:2 cpbdur:2 q:24.91 aq:18.01 tex:12535 mv:4535 misc:4370 imb:120 pmb:1277 smb:6763 d:s ref:0 ;
in:145 out:146 type:b dur:2 cpbdur:2 q:24.89 aq:17.78 tex:5919 mv:1371 misc:3198 imb:27 pmb:650 smb:7483 d:- ref:0 ;
in:150 out:147 type:P dur:2 cpbdur:2 q:24.92 aq:18.32 tex:621974 mv:64719 misc:859 imb:6269 pmb:1861 smb:30 d:s ref:0 w:0,1,-2 ;
in:148 out:148 type:B dur:2 cpbdur:2 q:24.90 aq:17.22 tex:23162 mv:6924 misc:5682 imb:185 pmb:1717 smb:6258 d:s ref:0 ;
in:147 out:149 type:b dur:2 cpbdur:2 q:24.89 aq:17.81 tex:8428 mv:2547 misc:3769 imb:53 pmb:871 smb:7236 d:s ref:0 ;
in:149 out:150 type:b dur:2 cpbdur:2 q:24.91 aq:18.23 tex:17573 mv:7905 misc:5298 imb:184 pmb:1824 smb:6152 d:- ref:0 ;
in:154 out:151 type:P dur:2 cpbdur:2 q:24.99 aq:17.83 tex:642066 mv:64470 misc:768 imb:6563 pmb:1589 smb:8 d:s ref:0 w:5,35,-15,5,32,0,37,-21 ;
in:152 out:152 type:B dur:2 cpbdur:2 q:24.96 aq:16.89 tex:14538 mv:3487 misc:4575 imb:88 pmb:1085 smb:6987 d:s ref:0 ;
in:151 out:153 type:b dur:2 cpbdur:2 q:24.94 aq:18.03 tex:15732 mv:6555 misc:4825 imb:153 pmb:1639 smb:6368 d:s ref:0 ;
in:153 out:154 type:b dur:2 cpbdur:2 q:24.97 aq:17.90 tex:11527 mv:3953 misc:4368 imb:87 pmb:1226 smb:6847 d:- ref:0 ;
in:158 out:155 type:P dur:2 cpbdur:2 q:25.06 aq:16.61 tex:749322 mv:63897 misc:885 imb:6136 pmb:1959 smb:65 d:s ref:0 w:5,37,-24,5,39,-26,39,-29 ;
in:156 out:156 type:B dur:2 cpbdur:2 q:25.02 aq:16.69 tex:15159 mv:3673 misc:4664 imb:89 pmb:1134 smb:6937 d:s ref:0 ;
in:155 out:157 type:b dur:2 cpbdur:2 q:25.01 aq:17.93 tex:9511 mv:3187 misc:3846 imb:92 pmb:992 smb:7076 d:s ref:0 ;
in:157 out:158 type:b dur:2 cpbdur:2 q:25.04 aq:18.46 tex:13317 mv:4569 misc:4226 imb:129 pmb:1312 smb:6719 d:- ref:0 ;
in:160 out:159 type:P dur:2 cpbdur:2 q:25.18 aq:11.60 tex:815364 mv:64207 misc:1053 imb:3814 pmb:4293 smb:53 d:s ref:0 w:5,33,-4,6,67,-5,67,-6 ;
in:159 out:160 type:b dur:2 cpbdur:2 q:25.12 aq:18.59 tex:3370 mv:1861 misc:2745 imb:27 pmb:672 smb:7461 d:s ref:0 ;
in:162 out:161 type:P dur:2 cpbdur:2 q:25.38 aq:11.44 tex:143996 mv:12669 misc:7711 imb:245 pmb:3450 smb:4465 d:s ref:0 ;
in:161 out:162 type:b dur:2 cpbdur:2 q:25.28 aq:17.21 tex:502 mv:125 misc:741 imb:0 pmb:54 smb:8106 d:s ref:0 ;
in:164 out:163 type:P dur:2 cpbdur:2 q:25.88 aq:11.68 tex:64949 mv:6095 misc:7284 imb:119 pmb:2390 smb:5651 d:s ref:0 ;
in:163 out:164 type:b dur:2 cpbdur:2 q:25.63 aq:17.10 tex:420 mv:59 misc:689 imb:0 pmb:45 smb:8115 d:s ref:0 ;
in:168 out:165 type:P dur:2 cpbdur:2 q:25.77 aq:11.61 tex:50757 mv:3368 misc:6203 imb:81 pmb:1732 smb:6347 d:s ref:0 ;
in:166 out:166 type:B dur:2 cpbdur:2 q:25.82 aq:17.09 tex:1470 mv:282 misc:1488 imb:0 pmb:186 smb:7974 d:s ref:0 ;
in:165 out:167 type:b dur:2 cpbdur:2 q:25.85 aq:17.97 tex:445 mv:42 misc:729 imb:0 pmb:53 smb:8107 d:s ref:0 ;
in:167 out:168 type:b dur:2 cpbdur:2 q:25.80 aq:17.91 tex:438 mv:41 misc:721 imb:0 pmb:52 smb:8108 d:- ref:0 ;
in:172 out:169 type:P dur:2 cpbdur:2 q:26.06 aq:12.18 tex:21945 mv:1735 misc:4824 imb:48 pmb:1029 smb:7083 d:s ref:0 ;
in:170 out:170 type:B dur:2 cpbdur:2 q:25.91 aq:17.12 tex:1016 mv:197 misc:1235 imb:0 pmb:138 smb:8022 d:s ref:0 ;
in:169 out:171 type:b dur:2 cpbdur:2 q:25.84 aq:18.25 tex:324 mv:47 misc:653 imb:0 pmb:39 smb:8121 d:s ref:0 ;
in:171 out:172 type:b dur:2 cpbdur:2 q:25.99 aq:18.31 tex:328 mv:43 misc:653 imb:0 pmb:38 smb:8122 d:- ref:0 ;
in:176 out:173 type:P dur:2 cpbdur:2 q:26.36 aq:12.21 tex:11781 mv:1000 misc:3827 imb:35 pmb:698 smb:7427 d:s ref:0 ;
in:174 out:174 type:B dur:2 cpbdur:2 q:26.21 aq:17.35 tex:1003 mv:89 misc:1148 imb:0 pmb:126 smb:8034 d:s ref:0 ;
in:173 out:175 type:b dur:2 cpbdur:2 q:26.13 aq:18.50 tex:304 mv:32 misc:600 imb:0 pmb:31 smb:8129 d:s ref:0 ;
in:175 out:176 type:b dur:2 cpbdur:2 q:26.28 aq:18.17 tex:315 mv:31 misc:606 imb:0 pmb:31 smb:8129 d:- ref:0 ;
in:180 out:177 type:P dur:2 cpbdur:2 q:26.67 aq:12.82 tex:6755 mv:717 misc:2992 imb:26 pmb:465 smb:7669 d:s ref:0 ;
in:178 out:178 type:B dur:2 cpbdur:2 q:26.51 aq:17.45 tex:643 mv:50 misc:923 imb:0 pmb:85 smb:8075 d:s ref:0 ;
in:177 out:179 type:b dur:2 cpbdur:2 q:26.43 aq:18.25 tex:278 mv:28 misc:590 imb:0 pmb:27 smb:8133 d:s ref:0 ;
in:179 out:180 type:b dur:2 cpbdur:2 q:26.59 aq:18.69 tex:236 mv:28 misc:560 imb:0 pmb:23 smb:8137 d:- ref:0 ;
in:184 out:181 type:P dur:2 cpbdur:2 q:27.04 aq:12.87 tex:3919 mv:518 misc:2243 imb:23 pmb:298 smb:7839 d:s ref:0 ;
in:182 out:182 type:B dur:2 cpbdur:2 q:26.85 aq:18.04 tex:685 mv:60 misc:983 imb:0 pmb:94 smb:8066 d:s ref:0 ;
in:181 out:183 type:b dur:2 cpbdur:2 q:26.76 aq:18.72 tex:233 mv:26 misc:549 imb:0 pmb:22 smb:8138 d:s ref:0 ;
in:183 out:184 type:b dur:2 cpbdur:2 q:26.95 aq:18.72 tex:235 mv:25 misc:564 imb:0 pmb:23 smb:8137 d:- ref:0 ;
in:188 out:185 type:P dur:2 cpbdur:2 q:27.61 aq:13.98 tex:2289 mv:317 misc:1658 imb:14 pmb:190 smb:7956 d:s ref:0 ;
in:186 out:186 type:B dur:2 cpbdur:2 q:27.32 aq:18.16 tex:431 mv:49 misc:768 imb:0 pmb:57 smb:8103 d:s ref:0 ;
in:185 out:187 type:b dur:2 cpbdur:2 q:27.18 aq:18.92 tex:189 mv:23 misc:540 imb:0 pmb:19 smb:8141 d:s ref:0 ;
in:187 out:188 type:b dur:2 cpbdur:2 q:27.46 aq:19.11 tex:179 mv:22 misc:519 imb:0 pmb:16 smb:8144 d:- ref:0 ;
in:192 out:189 type:P dur:2 cpbdur:2 q:27.25 aq:13.13 tex:1359 mv:244 misc:1213 imb:12 pmb:112 smb:8036 d:s ref:0 ;
in:190 out:190 type:B dur:2 cpbdur:2 q:27.43 aq:18.38 tex:580 mv:45 misc:919 imb:0 pmb:84 smb:8076 d:s ref:0 ;
in:189 out:191 type:b dur:2 cpbdur:2 q:27.52 aq:19.12 tex:176 mv:23 misc:513 imb:0 pmb:16 smb:8144 d:s ref:0 ;
in:191 out:192 type:b dur:2 cpbdur:2 q:27.34 aq:18.85 tex:192 mv:23 misc:529 imb:0 pmb:17 smb:8143 d:- ref:0 ;
in:196 out:193 type:P dur:2 cpbdur:2 q:26.84 aq:13.06 tex:1152 mv:241 misc:1087 imb:13 pmb:92 smb:8055 d:s ref:0 ;
in:194 out:194 type:B dur:2 cpbdur:2 q:27.04 aq:18.17 tex:602 mv:44 misc:858 imb:0 pmb:74 smb:8086 d:s ref:0 ;
in:193 out:195 type:b dur:2 cpbdur:2 q:27.15 aq:18.72 tex:230 mv:24 misc:554 imb:0 pmb:22 smb:8138 d:s ref:0 ;
in:195 out:196 type:b dur:2 cpbdur:2 q:26.94 aq:18.72 tex:230 mv:24 misc:554 imb:0 pmb:22 smb:8138 d:- ref:0 ;
in:200 out:197 type:P dur:2 cpbdur:2 q:26.39 aq:15.00 tex:932 mv:221 misc:1007 imb:10 pmb:83 smb:8067 d:s ref:0 ;
in:198 out:198 type:B dur:2 cpbdur:2 q:26.61 aq:17.53 tex:831 mv:64 misc:1081 imb:0 pmb:116 smb:8044 d:s ref:0 ;
in:197 out:199 type:b dur:2 cpbdur:2 q:26.73 aq:18.72 tex:245 mv:25 misc:570 imb:0 pmb:25 smb:8135 d:s ref:0 ;
in:199 out:200 type:b dur:2 cpbdur:2 q:26.50 aq:18.51 tex:290 mv:30 misc:592 imb:0 pmb:29 smb:8131 d:- ref:0 ;
in:204 out:201 type:P dur:2 cpbdur:2 q:25.93 aq:15.90 tex:1276 mv:239 misc:1253 imb:10 pmb:122 smb:8028 d:s ref:0 ;
in:202 out:202 type:B dur:2 cpbdur:2 q:26.16 aq:17.35 tex:841 mv:69 misc:1082 imb:0 pmb:112 smb:8048 d:s ref:0 ;
in:201 out:203 type:b dur:2 cpbdur:2 q:26.28 aq:18.38 tex:236 mv:26 misc:546 imb:0 pmb:22 smb:8138 d:s ref:0 ;
in:203 out:204 type:b dur:2 cpbdur:2 q:26.05 aq:18.37 tex:316 mv:36 misc:640 imb:0 pmb:35 smb:8125 d:- ref:0 ;
in:208 out:205 type:P dur:2 cpbdur:2 q:25.47 aq:18.96 tex:250787 mv:57001 misc:1436 imb:4412 pmb:3595 smb:153 d:s ref:0 w:7,121,7,7,119,10,119,8 ;
in:206 out:206 type:B dur:2 cpbdur:2 q:25.70 aq:16.19 tex:518 mv:86 misc:820 imb:0 pmb:64 smb:8096 d:s ref:0 ;
in:205 out:207 type:b dur:2 cpbdur:2 q:25.82 aq:17.90 tex:230 mv:38 misc:580 imb:0 pmb:25 smb:8135 d:s ref:0 ;
in:207 out:208 type:b dur:2 cpbdur:2 q:25.58 aq:17.77 tex:193 mv:34 misc:573 imb:0 pmb:24 smb:8136 d:- ref:0 ;
in:212 out:209 type:P dur:2 cpbdur:2 q:25.29 aq:19.07 tex:633234 mv:61773 misc:745 imb:6130 pmb:2029 smb:1 d:s ref:0 w:7,107,23,7,119,13,125,0 ;
in:210 out:210 type:B dur:2 cpbdur:2 q:25.38 aq:19.16 tex:78933 mv:16935 misc:7668 imb:838 pmb:4066 smb:3256 d:s ref:0 ;
in:209 out:211 type:b dur:2 cpbdur:2 q:25.42 aq:18.86 tex:13243 mv:4218 misc:3899 imb:149 pmb:1217 smb:6794 d:s ref:0 ;
in:211 out:212 type:b dur:2 cpbdur:2 q:25.34 aq:18.83 tex:16841 mv:5847 misc:4264 imb:230 pmb:1346 smb:6584 d:- ref:0 ;
in:216 out:213 type:P dur:2 cpbdur:2 q:25.38 aq:19.15 tex:912589 mv:62906 misc:761 imb:5971 pmb:2188 smb:1 d:s ref:0 w:6,57,16,6,84,-34,83,-43 ;
in:214 out:214 type:B dur:2 cpbdur:2 q:25.33 aq:19.43 tex:70007 mv:17523 misc:7630 imb:969 pmb:3391 smb:3800 d:s ref:0 ;
in:213 out:215 type:b dur:2 cpbdur:2 q:25.31 aq:19.08 tex:16617 mv:5523 misc:3900 imb:230 pmb:1242 smb:6688 d:s ref:0 ;
in:215 out:216 type:b dur:2 cpbdur:2 q:25.36 aq:19.48 tex:22134 mv:10764 misc:4094 imb:445 pmb:1487 smb:6228 d:- ref:0 ;
in:220 out:217 type:P dur:2 cpbdur:2 q:25.63 aq:19.11 tex:1093987 mv:62661 misc:648 imb:5818 pmb:2342 smb:0 d:s ref:0 ;
in:218 out:218 type:B dur:2 cpbdur:2 q:25.50 aq:19.80 tex:83822 mv:25466 misc:6656 imb:1354 pmb:3788 smb:3018 d:s ref:0 ;
in:217 out:219 type:b dur:2 cpbdur:2 q:25.44 aq:19.05 tex:17709 mv:6526 misc:4061 imb:267 pmb:1321 smb:6572 d:s ref:0 ;
in:219 out:220 type:b dur:2 cpbdur:2 q:25.56 aq:19.69 tex:10862 mv:3774 misc:3404 imb:123 pmb:877 smb:7160 d:- ref:0 ;
in:224 out:221 type:P dur:2 cpbdur:2 q:25.99 aq:18.87 tex:1310184 mv:60790 misc:866 imb:5547 pmb:2602 smb:11 d:s ref:0 w:6,73,-17,6,85,-40,84,-42 ;
in:222 out:222 type:B dur:2 cpbdur:2 q:25.81 aq:19.75 tex:62971 mv:19329 misc:6892 imb:851 pmb:3026 smb:4283 d:s ref:0 ;
in:221 out:223 type:b dur:2 cpbdur:2 q:25.72 aq:19.07 tex:8313 mv:2117 misc:3154 imb:73 pmb:785 smb:7302 d:s ref:0 ;
in:223 out:224 type:b dur:2 cpbdur:2 q:25.90 aq:19.14 tex:14746 mv:6371 misc:3771 imb:246 pmb:1241 smb:6673 d:- ref:0 ;
in:226 out:225 type:P dur:2 cpbdur:2 q:26.41 aq:18.94 tex:964651 mv:50539 misc:1026 imb:4083 pmb:3993 smb:84 d:s ref:0 w:5,35,-12,3,9,-16,9,-17 ;
in:225 out:226 type:b dur:2 cpbdur:2 q:26.20 aq:19.02 tex:10085 mv:4462 misc:3245 imb:155 pmb:959 smb:7046 d:s ref:0 ;
in:227 out:227 type:P dur:2 cpbdur:2 q:26.58 aq:18.34 tex:735903 mv:43865 misc:1352 imb:3091 pmb:4936 smb:133 d:s ref:0 w:6,67,-5,4,17,-8,17,-8 ;
in:229 out:228 type:P dur:2 cpbdur:2 q:26.65 aq:14.73 tex:822185 mv:52015 misc:1024 imb:2802 pmb:5309 smb:49 d:s ref:0 w:6,67,-5,6,67,-5,67,-6 ;
in:228 out:229 type:b dur:2 cpbdur:2 q:26.62 aq:21.73 tex:1406 mv:843 misc:2127 imb:6 pmb:477 smb:7677 d:s ref:0 ;
in:231 out:230 type:P dur:2 cpbdur:2 q:26.99 aq:14.76 tex:117167 mv:12303 misc:7730 imb:116 pmb:3901 smb:4143 d:s ref:0 ;
in:230 out:231 type:b dur:2 cpbdur:2 q:26.82 aq:18.29 tex:426 mv:134 misc:792 imb:1 pmb:60 smb:8099 d:s ref:0 ;
in:233 out:232 type:P dur:2 cpbdur:2 q:26.82 aq:14.76 tex:70014 mv:6366 misc:7628 imb:56 pmb:2752 smb:5352 d:s ref:0 ;
in:232 out:233 type:b dur:2 cpbdur:2 q:26.90 aq:19.43 tex:271 mv:51 misc:590 imb:0 pmb:29 smb:8131 d:s ref:0 ;
in:235 out:234 type:P dur:2 cpbdur:2 q:27.35 aq:15.13 tex:53942 mv:3242 misc:6848 imb:41 pmb:2062 smb:6057 d:s ref:0 ;
in:234 out:235 type:b dur:2 cpbdur:2 q:27.08 aq:19.33 tex:291 mv:52 misc:625 imb:0 pmb:36 smb:8124 d:s ref:0 ;
in:237 out:236 type:P dur:2 cpbdur:2 q:27.20 aq:14.78 tex:28777 mv:1969 misc:5462 imb:27 pmb:1345 smb:6788 d:s ref:0 ;
in:236 out:237 type:b dur:2 cpbdur:2 q:27.28 aq:19.17 tex:276 mv:38 misc:622 imb:0 pmb:34 smb:8126 d:s ref:0 ;
in:241 out:238 type:P dur:2 cpbdur:2 q:27.92 aq:16.19 tex:17234 mv:1118 misc:3952 imb:15 pmb:833 smb:7312 d:s ref:0 ;
in:239 out:239 type:B dur:2 cpbdur:2 q:27.56 aq:18.54 tex:1377 mv:69 misc:1474 imb:0 pmb:197 smb:7963 d:s ref:0 ;
in:238 out:240 type:b dur:2 cpbdur:2 q:27.38 aq:19.33 tex:272 mv:42 misc:646 imb:0 pmb:42 smb:8118 d:s ref:0 ;
in:240 out:241 type:b dur:2 cpbdur:2 q:27.74 aq:20.58 tex:332 mv:40 misc:684 imb:0 pmb:46 smb:8114 d:- ref:0 ;
in:245 out:242 type:P dur:2 cpbdur:2 q:28.56 aq:16.79 tex:7286 mv:417 misc:2457 imb:7 pmb:398 smb:7755 d:s ref:0 ;
in:243 out:243 type:B dur:2 cpbdur:2 q:28.24 aq:18.15 tex:917 mv:81 misc:1194 imb:1 pmb:142 smb:8017 d:s ref:0 ;
in:242 out:244 type:b dur:2 cpbdur:2 q:28.08 aq:20.26 tex:290 mv:35 misc:627 imb:0 pmb:36 smb:8124 d:s ref:0 ;
in:244 out:245 type:b dur:2 cpbdur:2 q:28.40 aq:21.16 tex:251 mv:40 misc:621 imb:0 pmb:36 smb:8124 d:- ref:0 ;
in:249 out:246 type:P dur:2 cpbdur:2 q:29.23 aq:18.34 tex:2897 mv:260 misc:1571 imb:2 pmb:203 smb:7955 d:s ref:0 ;
in:247 out:247 type:B dur:2 cpbdur:2 q:28.89 aq:19.42 tex:737 mv:57 misc:1078 imb:0 pmb:118 smb:8042 d:s ref:0 ;
in:246 out:248 type:b dur:2 cpbdur:2 q:28.73 aq:20.84 tex:156 mv:35 misc:545 imb:0 pmb:23 smb:8137 d:s ref:0 ;
in:248 out:249 type:b dur:2 cpbdur:2 q:29.06 aq:21.72 tex:152 mv:32 misc:512 imb:0 pmb:18 smb:8142 d:- ref:0 ;
in:250 out:250 type:I dur:2 cpbdur:2 q:24.40 aq:12.48 tex:2454795 mv:272954 misc:443 imb:8160 pmb:0 smb:0 d:s ref:;
in:254 out:251 type:P dur:2 cpbdur:2 q:31.96 aq:18.29 tex:293 mv:81 misc:618 imb:0 pmb:32 smb:8128 d:s ref:0 ;
in:252 out:252 type:B dur:2 cpbdur:2 q:31.96 aq:25.00 tex:9 mv:4 misc:395 imb:0 pmb:1 smb:8159 d:s ref:0 ;
in:251 out:253 type:b dur:2 cpbdur:2 q:31.96 aq:25.00 tex:0 mv:0 misc:392 imb:0 pmb:0 smb:8160 d:s ref:0 ;
in:253 out:254 type:b dur:2 cpbdur:2 q:31.96 aq:25.00 tex:9 mv:4 misc:395 imb:0 pmb:1 smb:8159 d:- ref:0 ;
in:258 out:255 type:P dur:2 cpbdur:2 q:32.35 aq:18.80 tex:101 mv:35 misc:512 imb:0 pmb:10 smb:8150 d:s ref:0 ;
in:256 out:256 type:B dur:2 cpbdur:2 q:32.16 aq:23.00 tex:10 mv:4 misc:410 imb:0 pmb:1 smb:8159 d:s ref:0 ;
in:255 out:257 type:b dur:2 cpbdur:2 q:32.06 aq:25.00 tex:9 mv:4 misc:395 imb:0 pmb:1 smb:8159 d:s ref:0 ;
in:257 out:258 type:b dur:2 cpbdur:2 q:32.25 aq:25.00 tex:0 mv:0 misc:392 imb:0 pmb:0 smb:8160 d:- ref:0 ;
in:262 out:259 type:P dur:2 cpbdur:2 q:32.16 aq:18.00 tex:18 mv:10 misc:444 imb:0 pmb:2 smb:8158 d:s ref:0 ;
in:260 out:260 type:B dur:2 cpbdur:2 q:32.25 aq:23.00 tex:0 mv:0 misc:408 imb:0 pmb:0 smb:8160 d:s ref:0 ;
in:259 out:261 type:b dur:2 cpbdur:2 q:32.30 aq:25.00 tex:0 mv:0 misc:392 imb:0 pmb:0 smb:8160 d:s ref:0 ;
in:261 out:262 type:b dur:2 cpbdur:2 q:32.21 aq:25.00 tex:0 mv:0 misc:392 imb:0 pmb:0 smb:8160 d:- ref:0 ;
in:266 out:263 type:P dur:2 cpbdur:2 q:31.87 aq:18.00 tex:18 mv:9 misc:445 imb:0 pmb:2 smb:8158 d:s ref:0 ;
in:264 out:264 type:B dur:2 cpbdur:2 q:32.01 aq:23.00 tex:0 mv:0 misc:408 imb:0 pmb:0 smb:8160 d:s ref:0 ;
in:263 out:265 type:b dur:2 cpbdur:2 q:32.09 aq:25.00 tex:0 mv:0 misc:392 imb:0 pmb:0 smb:8160 d:s ref:0 ;
in:265 out:266 type:b dur:2 cpbdur:2 q:31.94 aq:25.00 tex:0 mv:0 misc:392 imb:0 pmb:0 smb:8160 d:- ref:0 ;
in:270 out:267 type:P dur:2 cpbdur:2 q:31.56 aq:18.50 tex:37 mv:11 misc:456 imb:0 pmb:3 smb:8157 d:s ref:0 ;
in:268 out:268 type:B dur:2 cpbdur:2 q:31.71 aq:23.00 tex:0 mv:0 misc:408 imb:0 pmb:0 smb:8160 d:s ref:0 ;
in:267 out:269 type:b dur:2 cpbdur:2 q:31.79 aq:25.00 tex:0 mv:0 misc:392 imb:0 pmb:0 smb:8160 d:s ref:0 ;
in:269 out:270 type:b dur:2 cpbdur:2 q:31.64 aq:24.00 tex:0 mv:0 misc:392 imb:0 pmb:0 smb:8160 d:- ref:0 ;
in:274 out:271 type:P dur:2 cpbdur:2 q:31.25 aq:21.00 tex:0 mv:0 misc:416 imb:0 pmb:0 smb:8160 d:s ref:0 ;
in:272 out:272 type:B dur:2 cpbdur:2 q:31.41 aq:22.00 tex:0 mv:0 misc:408 imb:0 pmb:0 smb:8160 d:s ref:0 ;
in:271 out:273 type:b dur:2 cpbdur:2 q:31.48 aq:24.00 tex:0 mv:0 misc:392 imb:0 pmb:0 smb:8160 d:s ref:0 ;
in:273 out:274 type:b dur:2 cpbdur:2 q:31.33 aq:24.00 tex:0 mv:0 misc:392 imb:0 pmb:0 smb:8160 d:- ref:0 ;
in:277 out:275 type:P dur:2 cpbdur:2 q:31.40 aq:24.75 tex:27498 mv:12683 misc:4819 imb:1417 pmb:1305 smb:5438 d:s ref:0 w:7,123,7,5,31,3,31,4 ;
in:275 out:276 type:B dur:2 cpbdur:2 q:31.30 aq:23.16 tex:53 mv:96 misc:611 imb:0 pmb:48 smb:8112 d:s ref:0 ;
in:276 out:277 type:b dur:2 cpbdur:2 q:31.35 aq:24.00 tex:5 mv:3 misc:392 imb:0 pmb:1 smb:8159 d:- ref:0 ;
in:279 out:278 type:P dur:2 cpbdur:2 q:31.24 aq:25.45 tex:186650 mv:34862 misc:3752 imb:3325 pmb:3577 smb:1258 d:s ref:0 w:6,59,16,7,120,7,119,10 ;
in:278 out:279 type:b dur:2 cpbdur:2 q:31.32 aq:25.18 tex:1532 mv:863 misc:1453 imb:36 pmb:237 smb:7887 d:s ref:0 ;
in:281 out:280 type:P dur:2 cpbdur:2 q:31.18 aq:25.87 tex:287803 mv:40981 misc:2992 imb:3194 pmb:4175 smb:791 d:s ref:0 w:7,119,15,6,60,7,59,10 ;
in:280 out:281 type:b dur:2 cpbdur:2 q:31.21 aq:23.80 tex:1641 mv:783 misc:1648 imb:33 pmb:258 smb:7869 d:s ref:0 ;
in:282 out:282 type:P dur:2 cpbdur:2 q:31.11 aq:25.56 tex:172742 mv:28891 misc:5423 imb:1598 pmb:4654 smb:1908 d:s ref:0 w:5,31,7,7,124,3,123,5 ;
in:284 out:283 type:P dur:2 cpbdur:2 q:31.08 aq:26.02 tex:364147 mv:43989 misc:2640 imb:3089 pmb:4446 smb:625 d:s ref:0 w:7,121,13,7,119,8,118,11 ;
in:283 out:284 type:b dur:2 cpbdur:2 q:31.09 aq:24.48 tex:496 mv:194 misc:790 imb:4 pmb:65 smb:8091 d:s ref:0 ;
in:285 out:285 type:P dur:2 cpbdur:2 q:31.05 aq:25.74 tex:233408 mv:30467 misc:4677 imb:1436 pmb:4857 smb:1867 d:s ref:0 w:7,125,6,7,124,3,123,5 ;
in:289 out:286 type:P dur:2 cpbdur:2 q:31.04 aq:25.29 tex:702111 mv:59681 misc:1008 imb:4536 pmb:3548 smb:76 d:s ref:0 w:5,31,14,5,28,13,27,22 ;
in:287 out:287 type:B dur:2 cpbdur:2 q:31.05 aq:26.35 tex:7143 mv:1659 misc:3430 imb:64 pmb:606 smb:7490 d:s ref:0 ;
in:286 out:288 type:b dur:2 cpbdur:2 q:31.05 aq:26.29 tex:4743 mv:3096 misc:3153 imb:93 pmb:566 smb:7501 d:s ref:0 ;
in:288 out:289 type:b dur:2 cpbdur:2 q:31.04 aq:26.80 tex:2985 mv:1577 misc:2222 imb:40 pmb:336 smb:7784 d:- ref:0 ;
in:293 out:290 type:P dur:2 cpbdur:2 q:31.05 aq:24.27 tex:783246 mv:62003 misc:919 imb:4911 pmb:3228 smb:21 d:s ref:0 w:4,17,-1,7,114,11,111,20 ;
in:291 out:291 type:B dur:2 cpbdur:2 q:31.04 aq:24.42 tex:1545 mv:159 misc:1368 imb:1 pmb:191 smb:7968 d:s ref:0 ;
in:290 out:292 type:b dur:2 cpbdur:2 q:31.04 aq:24.36 tex:298 mv:76 misc:578 imb:0 pmb:38 smb:8122 d:s ref:0 ;
in:292 out:293 type:b dur:2 cpbdur:2 q:31.05 aq:26.28 tex:1007 mv:396 misc:1093 imb:6 pmb:145 smb:8009 d:- ref:0 ;
in:297 out:294 type:P dur:2 cpbdur:2 q:31.09 aq:19.12 tex:1047162 mv:67573 misc:833 imb:4148 pmb:4011 smb:1 d:s ref:0 w:6,73,-15,7,121,4,118,13 ;
in:295 out:295 type:B dur:2 cpbdur:2 q:31.07 aq:24.06 tex:3172 mv:433 misc:2371 imb:18 pmb:465 smb:7677 d:s ref:0 ;
in:294 out:296 type:b dur:2 cpbdur:2 q:31.06 aq:24.17 tex:724 mv:169 misc:851 imb:4 pmb:91 smb:8065 d:s ref:0 ;
in:296 out:297 type:b dur:2 cpbdur:2 q:31.08 aq:24.80 tex:2564 mv:1236 misc:1912 imb:36 pmb:375 smb:7749 d:- ref:0 ;
in:299 out:298 type:P dur:2 cpbdur:2 q:31.23 aq:19.27 tex:63350 mv:8364 misc:7830 imb:54 pmb:3165 smb:4941 d:s ref:0 ;
in:298 out:299 type:b dur:2 cpbdur:2 q:31.16 aq:27.00 tex:3 mv:6 misc:407 imb:0 pmb:2 smb:8158 d:s ref:0 ;
in:301 out:300 type:P dur:2 cpbdur:2 q:31.12 aq:19.16 tex:54032 mv:3983 misc:6785 imb:27 pmb:2168 smb:5965 d:s ref:0 ;
in:300 out:301 type:b dur:2 cpbdur:2 q:31.17 aq:26.20 tex:19 mv:5 misc:400 imb:0 pmb:1 smb:8159 d:s ref:0 ;
in:303 out:302 type:P dur:2 cpbdur:2 q:31.17 aq:19.29 tex:25199 mv:1680 misc:4809 imb:14 pmb:1083 smb:7063 d:s ref:0 ;
in:302 out:303 type:b dur:2 cpbdur:2 q:31.15 aq:26.20 tex:19 mv:5 misc:400 imb:0 pmb:1 smb:8159 d:s ref:0 ;
in:307 out:304 type:P dur:2 cpbdur:2 q:31.33 aq:19.59 tex:25905 mv:1070 misc:4193 imb:11 pmb:934 smb:7215 d:s ref:0 ;
in:305 out:305 type:B dur:2 cpbdur:2 q:31.25 aq:22.63 tex:136 mv:27 misc:493 imb:0 pmb:12 smb:8148 d:s ref:0 ;
in:304 out:306 type:b dur:2 cpbdur:2 q:31.21 aq:27.00 tex:0 mv:0 misc:384 imb:0 pmb:0 smb:8160 d:s ref:0 ;
in:306 out:307 type:b dur:2 cpbdur:2 q:31.29 aq:27.00 tex:0 mv:0 misc:384 imb:0 pmb:0 smb:8160 d:- ref:0 ;
in:311 out:308 type:P dur:2 cpbdur:2 q:31.56 aq:19.20 tex:8283 mv:515 misc:2354 imb:8 pmb:368 smb:7784 d:s ref:0 ;
in:309 out:309 type:B dur:2 cpbdur:2 q:31.44 aq:23.44 tex:96 mv:19 misc:469 imb:0 pmb:8 smb:8152 d:s ref:0 ;
in:308 out:310 type:b dur:2 cpbdur:2 q:31.38 aq:27.00 tex:0 mv:0 misc:384 imb:0 pmb:0 smb:8160 d:s ref:0 ;
in:310 out:311 type:b dur:2 cpbdur:2 q:31.50 aq:27.00 tex:0 mv:0 misc:384 imb:0 pmb:0 smb:8160 d:- ref:0 ;
in:315 out:312 type:P dur:2 cpbdur:2 q:32.15 aq:17.62 tex:2411 mv:128 misc:1365 imb:0 pmb:168 smb:7992 d:s ref:0 ;
in:313 out:313 type:B dur:2 cpbdur:2 q:31.86 aq:22.17 tex:52 mv:14 misc:446 imb:0 pmb:5 smb:8155 d:s ref:0 ;
in:312 out:314 type:b dur:2 cpbdur:2 q:31.71 aq:27.00 tex:0 mv:0 misc:384 imb:0 pmb:0 smb:8160 d:s ref:0 ;
in:314 out:315 type:b dur:2 cpbdur:2 q:32.00 aq:27.00 tex:0 mv:0 misc:384 imb:0 pmb:0 smb:8160 d:- ref:0 ;
in:319 out:316 type:P dur:2 cpbdur:2 q:32.48 aq:17.68 tex:627 mv:121 misc:1100 imb:3 pmb:109 smb:8048 d:s ref:0 ;
in:317 out:317 type:B dur:2 cpbdur:2 q:32.32 aq:22.93 tex:70 mv:16 misc:442 imb:0 pmb:5 smb:8155 d:s ref:0 ;
in:316 out:318 type:b dur:2 cpbdur:2 q:32.23 aq:28.00 tex:0 mv:0 misc:384 imb:0 pmb:0 smb:8160 d:s ref:0 ;
in:318 out:319 type:b dur:2 cpbdur:2 q:32.40 aq:28.00 tex:0 mv:0 misc:384 imb:0 pmb:0 smb:8160 d:- ref:0 ;
in:323 out:320 type:P dur:2 cpbdur:2 q:32.97 aq:18.45 tex:147 mv:47 misc:574 imb:0 pmb:22 smb:8138 d:s ref:0 ;
in:321 out:321 type:B dur:2 cpbdur:2 q:32.72 aq:24.09 tex:54 mv:15 misc:435 imb:0 pmb:4 smb:8156 d:s ref:0 ;
in:320 out:322 type:b dur:2 cpbdur:2 q:32.60 aq:28.00 tex:0 mv:0 misc:384 imb:0 pmb:0 smb:8160 d:s ref:0 ;
in:322 out:323 type:b dur:2 cpbdur:2 q:32.85 aq:28.00 tex:0 mv:0 misc:384 imb:0 pmb:0 smb:8160 d:- ref:0 ;
in:327 out:324 type:P dur:2 cpbdur:2 q:32.81 aq:18.45 tex:122 mv:39 misc:543 imb:0 pmb:17 smb:8143 d:s ref:0 ;
in:325 out:325 type:B dur:2 cpbdur:2 q:32.89 aq:24.09 tex:54 mv:15 misc:435 imb:0 pmb:4 smb:8156 d:s ref:0 ;
in:324 out:326 type:b dur:2 cpbdur:2 q:32.93 aq:28.00 tex:0 mv:0 misc:384 imb:0 pmb:0 smb:8160 d:s ref:0 ;
in:326 out:327 type:b dur:2 cpbdur:2 q:32.85 aq:28.00 tex:0 mv:0 misc:384 imb:0 pmb:0 smb:8160 d:- ref:0 ;
in:331 out:328 type:P dur:2 cpbdur:2 q:32.59 aq:19.99 tex:18 mv:4 misc:426 imb:0 pmb:1 smb:8159 d:s ref:0 ;
in:329 out:329 type:B dur:2 cpbdur:2 q:32.70 aq:24.09 tex:54 mv:15 misc:435 imb:0 pmb:4 smb:8156 d:s ref:0 ;
in:328 out:330 type:b dur:2 cpbdur:2 q:32.75 aq:28.00 tex:0 mv:0 misc:384 imb:0 pmb:0 smb:8160 d:s ref:0 ;
in:330 out:331 type:b dur:2 cpbdur:2 q:32.65 aq:28.00 tex:0 mv:0 misc:384 imb:0 pmb:0 smb:8160 d:- ref:0 ;
in:335 out:332 type:P dur:2 cpbdur:2 q:32.34 aq:20.98 tex:20 mv:4 misc:424 imb:0 pmb:1 smb:8159 d:s ref:0 ;
in:333 out:333 type:B dur:2 cpbdur:2 q:32.47 aq:24.09 tex:64 mv:17 misc:447 imb:0 pmb:5 smb:8155 d:s ref:0 ;
in:332 out:334 type:b dur:2 cpbdur:2 q:32.53 aq:28.00 tex:0 mv:0 misc:384 imb:0 pmb:0 smb:8160 d:s ref:0 ;
in:334 out:335 type:b dur:2 cpbdur:2 q:32.40 aq:28.00 tex:0 mv:0 misc:384 imb:0 pmb:0 smb:8160 d:- ref:0 ;
in:339 out:336 type:P dur:2 cpbdur:2 q:32.07 aq:21.06 tex:207 mv:59 misc:590 imb:0 pmb:23 smb:8137 d:s ref:0 ;
in:337 out:337 type:B dur:2 cpbdur:2 q:32.21 aq:23.26 tex:58 mv:15 misc:439 imb:0 pmb:4 smb:8156 d:s ref:0 ;
in:336 out:338 type:b dur:2 cpbdur:2 q:32.27 aq:28.00 tex:0 mv:0 misc:384 imb:0 pmb:0 smb:8160 d:s ref:0 ;
in:338 out:339 type:b dur:2 cpbdur:2 q:32.14 aq:28.00 tex:0 mv:0 misc:384 imb:0 pmb:0 smb:8160 d:- ref:0 ;
in:343 out:340 type:P dur:2 cpbdur:2 q:31.80 aq:22.26 tex:94 mv:31 misc:499 imb:0 pmb:10 smb:8150 d:s ref:0 ;
in:341 out:341 type:B dur:2 cpbdur:2 q:31.94 aq:23.21 tex:96 mv:21 misc:483 imb:0 pmb:10 smb:8150 d:s ref:0 ;
in:340 out:342 type:b dur:2 cpbdur:2 q:32.00 aq:27.00 tex:0 mv:0 misc:384 imb:0 pmb:0 smb:8160 d:s ref:0 ;
in:342 out:343 type:b dur:2 cpbdur:2 q:31.87 aq:27.00 tex:0 mv:0 misc:384 imb:0 pmb:0 smb:8160 d:- ref:0 ;
in:347 out:344 type:P dur:2 cpbdur:2 q:31.53 aq:26.49 tex:245486 mv:51574 misc:1788 imb:3318 pmb:4440 smb:402 d:s ref:0 w:6,59,9,7,124,4,125,2 ;
in:345 out:345 type:B dur:2 cpbdur:2 q:31.66 aq:21.65 tex:77 mv:17 misc:442 imb:0 pmb:6 smb:8154 d:s ref:0 ;
in:344 out:346 type:b dur:2 cpbdur:2 q:31.73 aq:27.00 tex:0 mv:0 misc:384 imb:0 pmb:0 smb:8160 d:s ref:0 ;
in:346 out:347 type:b dur:2 cpbdur:2 q:31.60 aq:24.67 tex:1001 mv:540 misc:1139 imb:17 pmb:134 smb:8009 d:- ref:0 ;
in:351 out:348 type:P dur:2 cpbdur:2 q:31.41 aq:26.30 tex:751495 mv:61593 misc:912 imb:4383 pmb:3753 smb:24 d:s ref:0 w:7,115,6,5,32,0,33,-5 ;
in:349 out:349 type:B dur:2 cpbdur:2 q:31.47 aq:26.02 tex:6384 mv:1875 misc:3445 imb:109 pmb:635 smb:7416 d:s ref:0 ;
in:348 out:350 type:b dur:2 cpbdur:2 q:31.50 aq:26.81 tex:540 mv:218 misc:754 imb:3 pmb:65 smb:8092 d:s ref:0 ;
in:350 out:351 type:b dur:2 cpbdur:2 q:31.44 aq:26.49 tex:580 mv:170 misc:778 imb:4 pmb:62 smb:8094 d:- ref:0 ;
in:355 out:352 type:P dur:2 cpbdur:2 q:31.53 aq:25.99 tex:1024642 mv:60176 misc:854 imb:4020 pmb:4135 smb:5 d:s ref:0 w:6,65,-14,6,71,-13,73,-19 ;
in:353 out:353 type:B dur:2 cpbdur:2 q:31.47 aq:26.49 tex:6629 mv:1760 misc:3435 imb:92 pmb:638 smb:7430 d:s ref:0 ;
in:352 out:354 type:b dur:2 cpbdur:2 q:31.44 aq:24.85 tex:310 mv:99 misc:607 imb:3 pmb:33 smb:8124 d:s ref:0 ;
in:354 out:355 type:b dur:2 cpbdur:2 q:31.50 aq:26.29 tex:477 mv:165 misc:710 imb:3 pmb:53 smb:8104 d:- ref:0 ;
in:357 out:356 type:P dur:2 cpbdur:2 q:31.66 aq:25.92 tex:718672 mv:45272 misc:1024 imb:2622 pmb:5472 smb:66 d:s ref:0 w:4,17,-16,6,69,-10,69,-11 ;
in:356 out:357 type:b dur:2 cpbdur:2 q:31.59 aq:25.59 tex:887 mv:259 misc:974 imb:6 pmb:108 smb:8046 d:s ref:0 ;
in:358 out:358 type:P dur:2 cpbdur:2 q:31.70 aq:25.55 tex:500805 mv:32425 misc:3018 imb:1548 pmb:5971 smb:641 d:s ref:0 w:5,33,-7,6,67,-6,67,-6 ;
in:360 out:359 type:P dur:2 cpbdur:2 q:31.71 aq:25.22 tex:709222 mv:43209 misc:889 imb:3076 pmb:5053 smb:31 d:s ref:0 w:5,35,-19,6,69,-9,70,-12 ;
in:359 out:360 type:b dur:2 cpbdur:2 q:31.71 aq:24.64 tex:395 mv:132 misc:641 imb:4 pmb:40 smb:8116 d:s ref:0 ;
in:364 out:361 type:P dur:2 cpbdur:2 q:31.74 aq:24.10 tex:1200117 mv:47696 misc:915 imb:3797 pmb:4351 smb:12 d:s ref:0 w:6,77,-40,6,75,-21,76,-25 ;
in:362 out:362 type:B dur:2 cpbdur:2 q:31.72 aq:25.50 tex:5997 mv:2659 misc:2968 imb:166 pmb:520 smb:7474 d:s ref:0 ;
in:361 out:363 type:b dur:2 cpbdur:2 q:31.72 aq:24.18 tex:1110 mv:539 misc:1103 imb:21 pmb:132 smb:8007 d:s ref:0 ;
in:363 out:364 type:b dur:2 cpbdur:2 q:31.73 aq:25.58 tex:2049 mv:1720 misc:1695 imb:100 pmb:225 smb:7835 d:- ref:0 ;
in:366 out:365 type:P dur:2 cpbdur:2 q:31.85 aq:21.45 tex:814471 mv:39988 misc:1021 imb:2056 pmb:6039 smb:65 d:s ref:0 w:5,35,-17,6,69,-10,69,-10 ;
in:365 out:366 type:b dur:2 cpbdur:2 q:31.79 aq:25.09 tex:4820 mv:5419 misc:2497 imb:374 pmb:502 smb:7284 d:s ref:0 ;
in:367 out:367 type:P dur:2 cpbdur:2 q:31.88 aq:21.31 tex:123958 mv:6799 misc:7467 imb:104 pmb:3276 smb:4780 d:s ref:0 ;
in:369 out:368 type:P dur:2 cpbdur:2 q:32.03 aq:21.33 tex:64774 mv:3318 misc:5380 imb:62 pmb:1705 smb:6393 d:s ref:0 ;
in:368 out:369 type:b dur:2 cpbdur:2 q:31.96 aq:26.69 tex:30 mv:6 misc:404 imb:0 pmb:1 smb:8159 d:s ref:0 ;
in:371 out:370 type:P dur:2 cpbdur:2 q:31.88 aq:21.49 tex:48862 mv:2767 misc:6051 imb:41 pmb:1643 smb:6476 d:s ref:0 ;
in:370 out:371 type:b dur:2 cpbdur:2 q:31.96 aq:26.69 tex:30 mv:6 misc:404 imb:0 pmb:1 smb:8159 d:s ref:0 ;
in:373 out:372 type:P dur:2 cpbdur:2 q:32.34 aq:21.56 tex:39933 mv:1652 misc:5575 imb:24 pmb:1408 smb:6728 d:s ref:0 ;
in:372 out:373 type:b dur:2 cpbdur:2 q:32.11 aq:24.33 tex:38 mv:9 misc:409 imb:0 pmb:2 smb:8158 d:s ref:0 ;
in:375 out:374 type:P dur:2 cpbdur:2 q:32.16 aq:21.41 tex:22647 mv:1201 misc:4096 imb:24 pmb:831 smb:7305 d:s ref:0 ;
in:374 out:375 type:b dur:2 cpbdur:2 q:32.25 aq:24.05 tex:53 mv:12 misc:423 imb:0 pmb:3 smb:8157 d:s ref:0 ;
in:379 out:376 type:P dur:2 cpbdur:2 q:32.79 aq:21.64 tex:11178 mv:552 misc:2958 imb:10 pmb:514 smb:7636 d:s ref:0 ;
in:377 out:377 type:B dur:2 cpbdur:2 q:32.47 aq:22.41 tex:75 mv:16 misc:453 imb:0 pmb:5 smb:8155 d:s ref:0 ;
in:376 out:378 type:b dur:2 cpbdur:2 q:32.32 aq:22.10 tex:31 mv:5 misc:404 imb:0 pmb:1 smb:8159 d:s ref:0 ;
in:378 out:379 type:b dur:2 cpbdur:2 q:32.63 aq:37.00 tex:0 mv:0 misc:392 imb:0 pmb:0 smb:8160 d:- ref:0 ;
in:383 out:380 type:P dur:2 cpbdur:2 q:33.04 aq:22.52 tex:6673 mv:231 misc:2016 imb:3 pmb:303 smb:7854 d:s ref:0 ;
in:381 out:381 type:B dur:2 cpbdur:2 q:32.91 aq:23.33 tex:62 mv:14 misc:444 imb:0 pmb:4 smb:8156 d:s ref:0 ;
in:380 out:382 type:b dur:2 cpbdur:2 q:32.85 aq:38.00 tex:0 mv:0 misc:392 imb:0 pmb:0 smb:8160 d:s ref:0 ;
in:382 out:383 type:b dur:2 cpbdur:2 q:32.97 aq:38.00 tex:0 mv:0 misc:392 imb:0 pmb:0 smb:8160 d:- ref:0 ;
in:387 out:384 type:P dur:2 cpbdur:2 q:33.67 aq:22.15 tex:2018 mv:161 misc:1245 imb:2 pmb:143 smb:8015 d:s ref:0 ;
in:385 out:385 type:B dur:2 cpbdur:2 q:33.35 aq:23.33 tex:62 mv:14 misc:444 imb:0 pmb:4 smb:8156 d:s ref:0 ;
in:384 out:386 type:b dur:2 cpbdur:2 q:33.19 aq:38.00 tex:0 mv:0 misc:392 imb:0 pmb:0 smb:8160 d:s ref:0 ;
in:386 out:387 type:b dur:2 cpbdur:2 q:33.51 aq:38.00 tex:0 mv:0 misc:392 imb:0 pmb:0 smb:8160 d:- ref:0 ;
in:391 out:388 type:P dur:2 cpbdur:2 q:34.22 aq:24.34 tex:468 mv:51 misc:593 imb:0 pmb:26 smb:8134 d:s ref:0 ;
in:389 out:389 type:B dur:2 cpbdur:2 q:33.94 aq:24.14 tex:74 mv:17 misc:453 imb:0 pmb:5 smb:8155 d:s ref:0 ;
in:388 out:390 type:b dur:2 cpbdur:2 q:33.80 aq:39.00 tex:0 mv:0 misc:392 imb:0 pmb:0 smb:8160 d:s ref:0 ;
in:390 out:391 type:b dur:2 cpbdur:2 q:34.08 aq:39.00 tex:0 mv:0 misc:392 imb:0 pmb:0 smb:8160 d:- ref:0 ;
in:395 out:392 type:P dur:2 cpbdur:2 q:34.71 aq:22.72 tex:93 mv:12 misc:455 imb:0 pmb:5 smb:8155 d:s ref:0 ;
in:393 out:393 type:B dur:2 cpbdur:2 q:34.46 aq:23.99 tex:55 mv:11 misc:438 imb:0 pmb:3 smb:8157 d:s ref:0 ;
in:392 out:394 type:b dur:2 cpbdur:2 q:34.34 aq:39.00 tex:0 mv:0 misc:392 imb:0 pmb:0 smb:8160 d:s ref:0 ;
in:394 out:395 type:b dur:2 cpbdur:2 q:34.59 aq:39.00 tex:0 mv:0 misc:392 imb:0 pmb:0 smb:8160 d:- ref:0 ;
in:399 out:396 type:P dur:2 cpbdur:2 q:34.55 aq:30.00 tex:0 mv:0 misc:408 imb:0 pmb:0 smb:8160 d:s ref:0 ;
in:397 out:397 type:B dur:2 cpbdur:2 q:34.63 aq:23.99 tex:46 mv:9 misc:425 imb:0 pmb:2 smb:8158 d:s ref:0 ;
in:396 out:398 type:b dur:2 cpbdur:2 q:34.67 aq:39.00 tex:0 mv:0 misc:392 imb:0 pmb:0 smb:8160 d:s ref:0 ;
in:398 out:399 type:b dur:2 cpbdur:2 q:34.59 aq:39.00 tex:0 mv:0 misc:392 imb:0 pmb:0 smb:8160 d:- ref:0 ;
in:403 out:400 type:P dur:2 cpbdur:2 q:34.33 aq:31.00 tex:0 mv:0 misc:408 imb:0 pmb:0 smb:8160 d:s ref:0 ;
in:401 out:401 type:B dur:2 cpbdur:2 q:34.44 aq:23.99 tex:55 mv:11 misc:438 imb:0 pmb:3 smb:8157 d:s ref:0 ;
in:400 out:402 type:b dur:2 cpbdur:2 q:34.49 aq:39.00 tex:0 mv:0 misc:392 imb:0 pmb:0 smb:8160 d:s ref:0 ;
in:402 out:403 type:b dur:2 cpbdur:2 q:34.38 aq:39.00 tex:0 mv:0 misc:392 imb:0 pmb:0 smb:8160 d:- ref:0 ;
in:407 out:404 type:P dur:2 cpbdur:2 q:34.05 aq:26.79 tex:26 mv:2 misc:420 imb:0 pmb:1 smb:8159 d:s ref:0 ;
in:405 out:405 type:B dur:2 cpbdur:2 q:34.19 aq:23.99 tex:55 mv:11 misc:438 imb:0 pmb:3 smb:8157 d:s ref:0 ;
in:404 out:406 type:b dur:2 cpbdur:2 q:34.26 aq:39.00 tex:0 mv:0 misc:392 imb:0 pmb:0 smb:8160 d:s ref:0 ;
in:406 out:407 type:b dur:2 cpbdur:2 q:34.12 aq:39.00 tex:0 mv:0 misc:392 imb:0 pmb:0 smb:8160 d:- ref:0 ;
in:411 out:408 type:P dur:2 cpbdur:2 q:33.85 aq:23.00 tex:74 mv:14 misc:464 imb:0 pmb:6 smb:8154 d:s ref:0 ;
in:409 out:409 type:B dur:2 cpbdur:2 q:33.95 aq:23.48 tex:66 mv:15 misc:439 imb:0 pmb:4 smb:8156 d:s ref:0 ;
in:408 out:410 type:b dur:2 cpbdur:2 q:34.00 aq:39.00 tex:0 mv:0 misc:392 imb:0 pmb:0 smb:8160 d:s ref:0 ;
in:410 out:411 type:b dur:2 cpbdur:2 q:33.90 aq:39.00 tex:0 mv:0 misc:392 imb:0 pmb:0 smb:8160 d:- ref:0 ;
in:415 out:412 type:P dur:2 cpbdur:2 q:33.55 aq:27.35 tex:15210 mv:9082 misc:3980 imb:1246 pmb:726 smb:6188 d:s ref:0 w:7,123,4,5,31,4,31,3 ;
in:413 out:413 type:B dur:2 cpbdur:2 q:33.70 aq:22.63 tex:115 mv:154 misc:819 imb:1 pmb:94 smb:8065 d:s ref:0 ;
in:412 out:414 type:b dur:2 cpbdur:2 q:33.77 aq:39.00 tex:0 mv:0 misc:392 imb:0 pmb:0 smb:8160 d:s ref:0 ;
in:414 out:415 type:b dur:2 cpbdur:2 q:33.62 aq:27.82 tex:218 mv:347 misc:1083 imb:4 pmb:139 smb:8017 d:- ref:0 ;
in:417 out:416 type:P dur:2 cpbdur:2 q:33.39 aq:28.98 tex:143562 mv:29679 misc:3223 imb:2633 pmb:4620 smb:907 d:s ref:0 w:6,59,10,6,61,7,61,6 ;
in:416 out:417 type:b dur:2 cpbdur:2 q:33.47 aq:24.81 tex:597 mv:211 misc:768 imb:3 pmb:69 smb:8088 d:s ref:0 ;
in:419 out:418 type:P dur:2 cpbdur:2 q:33.33 aq:29.20 tex:239358 mv:33692 misc:2022 imb:2410 pmb:5222 smb:528 d:s ref:0 w:7,119,9,7,123,6,123,5 ;
in:418 out:419 type:b dur:2 cpbdur:2 q:33.36 aq:28.37 tex:762 mv:227 misc:899 imb:4 pmb:90 smb:8066 d:s ref:0 ;
in:420 out:420 type:P dur:2 cpbdur:2 q:33.28 aq:28.99 tex:139297 mv:23580 misc:5083 imb:1418 pmb:5086 smb:1656 d:s ref:0 w:5,31,4,6,63,3,64,0 ;
in:422 out:421 type:P dur:2 cpbdur:2 q:33.26 aq:28.97 tex:305796 mv:36921 misc:1363 imb:2880 pmb:5094 smb:186 d:s ref:0 w:4,15,8,5,31,4,32,0 ;
in:421 out:422 type:b dur:2 cpbdur:2 q:33.27 aq:27.47 tex:569 mv:222 misc:657 imb:5 pmb:50 smb:8105 d:s ref:0 ;
in:424 out:423 type:P dur:2 cpbdur:2 q:33.22 aq:29.11 tex:359669 mv:39566 misc:1693 imb:2604 pmb:5149 smb:407 d:s ref:0 w:6,61,6 ;
in:423 out:424 type:b dur:2 cpbdur:2 q:33.24 aq:28.15 tex:771 mv:241 misc:852 imb:4 pmb:83 smb:8073 d:s ref:0 ;
in:425 out:425 type:P dur:2 cpbdur:2 q:33.19 aq:28.53 tex:216079 mv:30380 misc:4157 imb:1523 pmb:5591 smb:1046 d:s ref:0 ;
in:429 out:426 type:P dur:2 cpbdur:2 q:33.18 aq:27.73 tex:710826 mv:52789 misc:681 imb:5799 pmb:2355 smb:6 d:s ref:0 ;
in:427 out:427 type:B dur:2 cpbdur:2 q:33.19 aq:25.66 tex:2280 mv:793 misc:1759 imb:31 pmb:303 smb:7826 d:s ref:0 ;
in:426 out:428 type:b dur:2 cpbdur:2 q:33.19 aq:23.66 tex:801 mv:347 misc:932 imb:8 pmb:100 smb:8052 d:s ref:0 ;
in:428 out:429 type:b dur:2 cpbdur:2 q:33.18 aq:26.78 tex:444 mv:79 misc:701 imb:1 pmb:55 smb:8104 d:- ref:0 ;
in:433 out:430 type:P dur:2 cpbdur:2 q:33.19 aq:26.38 tex:722721 mv:52014 misc:633 imb:5220 pmb:2939 smb:1 d:s ref:0 w:5,35,-11,5,35,-11,36,-16 ;
in:431 out:431 type:B dur:2 cpbdur:2 q:33.18 aq:26.24 tex:2924 mv:673 misc:1979 imb:22 pmb:375 smb:7763 d:s ref:0 ;
in:430 out:432 type:b dur:2 cpbdur:2 q:33.18 aq:27.40 tex:956 mv:324 misc:1096 imb:3 pmb:140 smb:8017 d:s ref:0 ;
in:432 out:433 type:b dur:2 cpbdur:2 q:33.19 aq:26.85 tex:911 mv:420 misc:1141 imb:8 pmb:150 smb:8002 d:- ref:0 ;
in:435 out:434 type:P dur:2 cpbdur:2 q:33.21 aq:20.46 tex:630052 mv:52405 misc:647 imb:4070 pmb:4089 smb:1 d:s ref:0 w:4,17,-6,4,17,-7,17,-8 ;
in:434 out:435 type:b dur:2 cpbdur:2 q:33.20 aq:26.51 tex:1561 mv:913 misc:1542 imb:46 pmb:214 smb:7900 d:s ref:0 ;
in:437 out:436 type:P dur:2 cpbdur:2 q:33.25 aq:20.04 tex:47856 mv:7040 misc:7384 imb:162 pmb:2347 smb:5651 d:s ref:0 ;
in:436 out:437 type:b dur:2 cpbdur:2 q:33.23 aq:26.44 tex:31 mv:8 misc:409 imb:0 pmb:2 smb:8158 d:s ref:0 ;
in:441 out:438 type:P dur:2 cpbdur:2 q:33.09 aq:20.25 tex:31662 mv:3209 misc:5633 imb:85 pmb:1384 smb:6691 d:s ref:0 ;
in:439 out:439 type:B dur:2 cpbdur:2 q:33.17 aq:23.30 tex:106 mv:30 misc:496 imb:0 pmb:12 smb:8148 d:s ref:0 ;
in:438 out:440 type:b dur:2 cpbdur:2 q:33.21 aq:26.00 tex:0 mv:0 misc:384 imb:0 pmb:0 smb:8160 d:s ref:0 ;
in:440 out:441 type:b dur:2 cpbdur:2 q:33.13 aq:26.00 tex:0 mv:0 misc:384 imb:0 pmb:0 smb:8160 d:- ref:0 ;
in:445 out:442 type:P dur:2 cpbdur:2 q:33.21 aq:20.26 tex:12821 mv:1330 misc:3513 imb:37 pmb:643 smb:7480 d:s ref:0 ;
in:443 out:443 type:B dur:2 cpbdur:2 q:33.15 aq:23.35 tex:207 mv:47 misc:626 imb:0 pmb:33 smb:8127 d:s ref:0 ;
in:442 out:444 type:b dur:2 cpbdur:2 q:33.12 aq:26.00 tex:0 mv:0 misc:384 imb:0 pmb:0 smb:8160 d:s ref:0 ;
in:444 out:445 type:b dur:2 cpbdur:2 q:33.18 aq:26.00 tex:0 mv:0 misc:384 imb:0 pmb:0 smb:8160 d:- ref:0 ;
in:449 out:446 type:P dur:2 cpbdur:2 q:33.32 aq:20.13 tex:8017 mv:950 misc:2761 imb:29 pmb:432 smb:7699 d:s ref:0 ;
in:447 out:447 type:B dur:2 cpbdur:2 q:33.26 aq:24.38 tex:128 mv:26 misc:518 imb:0 pmb:16 smb:8144 d:s ref:0 ;
in:446 out:448 type:b dur:2 cpbdur:2 q:33.23 aq:26.00 tex:0 mv:0 misc:384 imb:0 pmb:0 smb:8160 d:s ref:0 ;
in:448 out:449 type:b dur:2 cpbdur:2 q:33.29 aq:26.00 tex:0 mv:0 misc:384 imb:0 pmb:0 smb:8160 d:- ref:0 ;
in:453 out:450 type:P dur:2 cpbdur:2 q:34.03 aq:20.41 tex:1285 mv:254 misc:1301 imb:9 pmb:137 smb:8014 d:s ref:0 ;
in:451 out:451 type:B dur:2 cpbdur:2 q:33.67 aq:23.58 tex:132 mv:31 misc:525 imb:0 pmb:18 smb:8142 d:s ref:0 ;
in:450 out:452 type:b dur:2 cpbdur:2 q:33.49 aq:26.00 tex:0 mv:0 misc:384 imb:0 pmb:0 smb:8160 d:s ref:0 ;
in:452 out:453 type:b dur:2 cpbdur:2 q:33.85 aq:27.00 tex:0 mv:0 misc:384 imb:0 pmb:0 smb:8160 d:- ref:0 ;
in:457 out:454 type:P dur:2 cpbdur:2 q:34.22 aq:18.90 tex:631 mv:192 misc:969 imb:4 pmb:85 smb:8071 d:s ref:0 ;
in:455 out:455 type:B dur:2 cpbdur:2 q:34.13 aq:25.00 tex:46 mv:18 misc:448 imb:0 pmb:6 smb:8154 d:s ref:0 ;
in:454 out:456 type:b dur:2 cpbdur:2 q:34.08 aq:27.00 tex:0 mv:0 misc:384 imb:0 pmb:0 smb:8160 d:s ref:0 ;
in:456 out:457 type:b dur:2 cpbdur:2 q:34.18 aq:27.00 tex:0 mv:0 misc:384 imb:0 pmb:0 smb:8160 d:- ref:0 ;
in:461 out:458 type:P dur:2 cpbdur:2 q:34.38 aq:19.65 tex:184 mv:83 misc:573 imb:4 pmb:14 smb:8142 d:s ref:0 ;
in:459 out:459 type:B dur:2 cpbdur:2 q:34.30 aq:25.00 tex:70 mv:21 misc:477 imb:0 pmb:10 smb:8150 d:s ref:0 ;
in:458 out:460 type:b dur:2 cpbdur:2 q:34.26 aq:27.00 tex:0 mv:0 misc:384 imb:0 pmb:0 smb:8160 d:s ref:0 ;
in:460 out:461 type:b dur:2 cpbdur:2 q:34.34 aq:27.00 tex:0 mv:0 misc:384 imb:0 pmb:0 smb:8160 d:- ref:0 ;
in:465 out:462 type:P dur:2 cpbdur:2 q:34.22 aq:20.00 tex:31 mv:19 misc:446 imb:1 pmb:1 smb:8158 d:s ref:0 ;
in:463 out:463 type:B dur:2 cpbdur:2 q:34.30 aq:25.00 tex:51 mv:20 misc:457 imb:0 pmb:7 smb:8153 d:s ref:0 ;
in:462 out:464 type:b dur:2 cpbdur:2 q:34.34 aq:27.00 tex:0 mv:0 misc:384 imb:0 pmb:0 smb:8160 d:s ref:0 ;
in:464 out:465 type:b dur:2 cpbdur:2 q:34.26 aq:27.00 tex:0 mv:0 misc:384 imb:0 pmb:0 smb:8160 d:- ref:0 ;
in:469 out:466 type:P dur:2 cpbdur:2 q:34.04 aq:20.00 tex:23 mv:15 misc:434 imb:1 pmb:0 smb:8159 d:s ref:0 ;
in:467 out:467 type:B dur:2 cpbdur:2 q:34.13 aq:25.00 tex:75 mv:24 misc:477 imb:0 pmb:11 smb:8149 d:s ref:0 ;
in:466 out:468 type:b dur:2 cpbdur:2 q:34.18 aq:27.00 tex:0 mv:0 misc:384 imb:0 pmb:0 smb:8160 d:s ref:0 ;
in:468 out:469 type:b dur:2 cpbdur:2 q:34.09 aq:27.00 tex:0 mv:0 misc:384 imb:0 pmb:0 smb:8160 d:- ref:0 ;
in:473 out:470 type:P dur:2 cpbdur:2 q:33.88 aq:21.00 tex:23 mv:15 misc:426 imb:1 pmb:0 smb:8159 d:s ref:0 ;
in:471 out:471 type:B dur:2 cpbdur:2 q:33.96 aq:25.00 tex:51 mv:20 misc:457 imb:0 pmb:7 smb:8153 d:s ref:0 ;
in:470 out:472 type:b dur:2 cpbdur:2 q:34.00 aq:27.00 tex:0 mv:0 misc:384 imb:0 pmb:0 smb:8160 d:s ref:0 ;
in:472 out:473 type:b dur:2 cpbdur:2 q:33.92 aq:27.00 tex:0 mv:0 misc:384 imb:0 pmb:0 smb:8160 d:- ref:0 ;
in:477 out:474 type:P dur:2 cpbdur:2 q:33.66 aq:20.35 tex:44 mv:13 misc:447 imb:0 pmb:3 smb:8157 d:s ref:0 ;
in:475 out:475 type:B dur:2 cpbdur:2 q:33.77 aq:23.59 tex:124 mv:27 misc:513 imb:0 pmb:16 smb:8144 d:s ref:0 ;
in:474 out:476 type:b dur:2 cpbdur:2 q:33.83 aq:27.00 tex:0 mv:0 misc:384 imb:0 pmb:0 smb:8160 d:s ref:0 ;
in:476 out:477 type:b dur:2 cpbdur:2 q:33.72 aq:27.00 tex:0 mv:0 misc:384 imb:0 pmb:0 smb:8160 d:- ref:0 ;
in:481 out:478 type:P dur:2 cpbdur:2 q:33.45 aq:23.78 tex:125 mv:48 misc:539 imb:1 pmb:15 smb:8144 d:s ref:0 ;
in:479 out:479 type:B dur:2 cpbdur:2 q:33.56 aq:24.06 tex:90 mv:22 misc:488 imb:0 pmb:11 smb:8149 d:s ref:0 ;
in:478 out:480 type:b dur:2 cpbdur:2 q:33.61 aq:27.00 tex:0 mv:0 misc:384 imb:0 pmb:0 smb:8160 d:s ref:0 ;
in:480 out:481 type:b dur:2 cpbdur:2 q:33.50 aq:26.00 tex:0 mv:0 misc:384 imb:0 pmb:0 smb:8160 d:- ref:0 ;
in:485 out:482 type:P dur:2 cpbdur:2 q:33.26 aq:27.91 tex:106927 mv:36236 misc:3933 imb:3844 pmb:3003 smb:1313 d:s ref:0 w:6,61,8,7,113,15,114,14 ;
in:483 out:483 type:B dur:2 cpbdur:2 q:33.36 aq:23.03 tex:49 mv:18 misc:453 imb:0 pmb:6 smb:8154 d:s ref:0 ;
in:482 out:484 type:b dur:2 cpbdur:2 q:33.40 aq:26.00 tex:0 mv:0 misc:384 imb:0 pmb:0 smb:8160 d:s ref:0 ;
in:484 out:485 type:b dur:2 cpbdur:2 q:33.31 aq:25.64 tex:1394 mv:893 misc:1465 imb:48 pmb:179 smb:7933 d:- ref:0 ;
in:489 out:486 type:P dur:2 cpbdur:2 q:33.15 aq:27.98 tex:308550 mv:49890 misc:968 imb:5531 pmb:2567 smb:62 d:s ref:0 w:7,121,11,7,97,30,96,32 ;
in:487 out:487 type:B dur:2 cpbdur:2 q:33.20 aq:26.48 tex:7288 mv:3856 misc:3760 imb:251 pmb:645 smb:7264 d:s ref:0 ;
in:486 out:488 type:b dur:2 cpbdur:2 q:33.23 aq:26.69 tex:830 mv:690 misc:1144 imb:37 pmb:104 smb:8019 d:s ref:0 ;
in:488 out:489 type:b dur:2 cpbdur:2 q:33.17 aq:26.20 tex:1295 mv:643 misc:1302 imb:39 pmb:149 smb:7972 d:- ref:0 ;
in:493 out:490 type:P dur:2 cpbdur:2 q:33.03 aq:27.90 tex:397335 mv:53826 misc:687 imb:5634 pmb:2524 smb:2 d:s ref:0 ;
in:491 out:491 type:B dur:2 cpbdur:2 q:33.09 aq:26.97 tex:7508 mv:3323 misc:3913 imb:207 pmb:689 smb:7264 d:s ref:0 ;
in:490 out:492 type:b dur:2 cpbdur:2 q:33.12 aq:26.38 tex:664 mv:311 misc:849 imb:12 pmb:72 smb:8076 d:s ref:0 ;
in:492 out:493 type:b dur:2 cpbdur:2 q:33.06 aq:27.97 tex:775 mv:512 misc:937 imb:27 pmb:85 smb:8048 d:- ref:0 ;
in:497 out:494 type:P dur:2 cpbdur:2 q:32.99 aq:27.46 tex:461668 mv:56523 misc:617 imb:6287 pmb:1873 smb:0 d:s ref:0 ;
in:495 out:495 type:B dur:2 cpbdur:2 q:33.01 aq:26.71 tex:6536 mv:2796 misc:3444 imb:162 pmb:630 smb:7368 d:s ref:0 ;
in:494 out:496 type:b dur:2 cpbdur:2 q:33.02 aq:27.74 tex:1820 mv:910 misc:1558 imb:52 pmb:207 smb:7901 d:s ref:0 ;
in:496 out:497 type:b dur:2 cpbdur:2 q:33.00 aq:27.91 tex:2027 mv:1161 misc:1716 imb:57 pmb:252 smb:7851 d:- ref:0 ;
in:499 out:498 type:P dur:2 cpbdur:2 q:33.00 aq:28.86 tex:156088 mv:49140 misc:2156 imb:4149 pmb:3590 smb:421 d:s ref:0 w:4,17,-7,6,64,-2,69,-9 ;
in:498 out:499 type:b dur:2 cpbdur:2 q:32.99 aq:25.55 tex:1210 mv:490 misc:1100 imb:20 pmb:128 smb:8012 d:s ref:0 ;
in:500 out:500 type:I dur:2 cpbdur:2 q:30.46 aq:24.03 tex:637826 mv:178644 misc:410 imb:8160 pmb:0 smb:0 d:s ref:;
in:504 out:501 type:P dur:2 cpbdur:2 q:33.21 aq:20.49 tex:694994 mv:61489 misc:741 imb:5322 pmb:2838 smb:0 d:s ref:0 w:5,37,-18,6,85,-44,85,-39 ;
in:502 out:502 type:B dur:2 cpbdur:2 q:33.21 aq:22.28 tex:3263 mv:1906 misc:1991 imb:162 pmb:353 smb:7645 d:s ref:0 ;
in:501 out:503 type:b dur:2 cpbdur:2 q:33.21 aq:23.66 tex:571 mv:205 misc:784 imb:8 pmb:62 smb:8090 d:s ref:0 ;
in:503 out:504 type:b dur:2 cpbdur:2 q:33.21 aq:26.25 tex:2482 mv:2053 misc:1873 imb:115 pmb:266 smb:7779 d:- ref:0 ;
in:506 out:505 type:P dur:2 cpbdur:2 q:33.24 aq:19.90 tex:37972 mv:6223 misc:7013 imb:90 pmb:2130 smb:5940 d:s ref:0 ;
in:505 out:506 type:b dur:2 cpbdur:2 q:33.23 aq:24.46 tex:45 mv:13 misc:414 imb:0 pmb:4 smb:8156 d:s ref:0 ;
in:510 out:507 type:P dur:2 cpbdur:2 q:33.22 aq:20.12 tex:19264 mv:2741 misc:4899 imb:45 pmb:1084 smb:7031 d:s ref:0 ;
in:508 out:508 type:B dur:2 cpbdur:2 q:33.23 aq:24.25 tex:92 mv:20 misc:472 imb:0 pmb:8 smb:8152 d:s ref:0 ;
in:507 out:509 type:b dur:2 cpbdur:2 q:33.24 aq:25.00 tex:9 mv:5 misc:394 imb:0 pmb:1 smb:8159 d:s ref:0 ;
in:509 out:510 type:b dur:2 cpbdur:2 q:33.22 aq:25.00 tex:9 mv:5 misc:394 imb:0 pmb:1 smb:8159 d:- ref:0 ;
in:514 out:511 type:P dur:2 cpbdur:2 q:33.20 aq:19.41 tex:7743 mv:1180 misc:2957 imb:23 pmb:474 smb:7663 d:s ref:0 ;
in:512 out:512 type:B dur:2 cpbdur:2 q:33.21 aq:23.00 tex:74 mv:19 misc:459 imb:0 pmb:7 smb:8153 d:s ref:0 ;
in:511 out:513 type:b dur:2 cpbdur:2 q:33.21 aq:25.00 tex:9 mv:5 misc:394 imb:0 pmb:1 smb:8159 d:s ref:0 ;
in:513 out:514 type:b dur:2 cpbdur:2 q:33.21 aq:25.00 tex:9 mv:5 misc:394 imb:0 pmb:1 smb:8159 d:- ref:0 ;
in:518 out:515 type:P dur:2 cpbdur:2 q:33.25 aq:18.70 tex:3007 mv:517 misc:1668 imb:12 pmb:204 smb:7944 d:s ref:0 ;
in:516 out:516 type:B dur:2 cpbdur:2 q:33.22 aq:23.48 tex:88 mv:18 misc:470 imb:0 pmb:8 smb:8152 d:s ref:0 ;
in:515 out:517 type:b dur:2 cpbdur:2 q:33.21 aq:25.00 tex:9 mv:5 misc:394 imb:0 pmb:1 smb:8159 d:s ref:0 ;
in:517 out:518 type:b dur:2 cpbdur:2 q:33.23 aq:25.00 tex:9 mv:5 misc:394 imb:0 pmb:1 smb:8159 d:- ref:0 ;
in:522 out:519 type:P dur:2 cpbdur:2 q:33.27 aq:18.17 tex:866 mv:219 misc:899 imb:4 pmb:70 smb:8086 d:s ref:0 ;
in:520 out:520 type:B dur:2 cpbdur:2 q:33.26 aq:23.59 tex:92 mv:20 misc:472 imb:0 pmb:9 smb:8151 d:s ref:0 ;
in:519 out:521 type:b dur:2 cpbdur:2 q:33.25 aq:25.00 tex:9 mv:5 misc:394 imb:0 pmb:1 smb:8159 d:s ref:0 ;
in:521 out:522 type:b dur:2 cpbdur:2 q:33.26 aq:25.00 tex:9 mv:5 misc:394 imb:0 pmb:1 smb:8159 d:- ref:0 ;
in:526 out:523 type:P dur:2 cpbdur:2 q:33.12 aq:18.20 tex:834 mv:210 misc:1004 imb:7 pmb:86 smb:8067 d:s ref:0 ;
in:524 out:524 type:B dur:2 cpbdur:2 q:33.20 aq:23.48 tex:98 mv:22 misc:480 imb:0 pmb:10 smb:8150 d:s ref:0 ;
in:523 out:525 type:b dur:2 cpbdur:2 q:33.23 aq:25.00 tex:9 mv:5 misc:394 imb:0 pmb:1 smb:8159 d:s ref:0 ;
in:525 out:526 type:b dur:2 cpbdur:2 q:33.16 aq:25.00 tex:9 mv:5 misc:394 imb:0 pmb:1 smb:8159 d:- ref:0 ;
in:530 out:527 type:P dur:2 cpbdur:2 q:33.51 aq:16.51 tex:195 mv:86 misc:567 imb:5 pmb:12 smb:8143 d:s ref:0 ;
in:528 out:528 type:B dur:2 cpbdur:2 q:33.32 aq:22.84 tex:76 mv:17 misc:459 imb:0 pmb:7 smb:8153 d:s ref:0 ;
in:527 out:529 type:b dur:2 cpbdur:2 q:33.22 aq:25.00 tex:0 mv:0 misc:392 imb:0 pmb:0 smb:8160 d:s ref:0 ;
in:529 out:530 type:b dur:2 cpbdur:2 q:33.41 aq:26.00 tex:0 mv:0 misc:384 imb:0 pmb:0 smb:8160 d:- ref:0 ;
in:534 out:531 type:P dur:2 cpbdur:2 q:33.33 aq:18.00 tex:46 mv:28 misc:478 imb:1 pmb:4 smb:8155 d:s ref:0 ;
in:532 out:532 type:B dur:2 cpbdur:2 q:33.42 aq:23.26 tex:52 mv:12 misc:440 imb:0 pmb:4 smb:8156 d:s ref:0 ;
in:531 out:533 type:b dur:2 cpbdur:2 q:33.47 aq:26.00 tex:0 mv:0 misc:384 imb:0 pmb:0 smb:8160 d:s ref:0 ;
in:533 out:534 type:b dur:2 cpbdur:2 q:33.38 aq:25.00 tex:0 mv:0 misc:392 imb:0 pmb:0 smb:8160 d:- ref:0 ;
in:538 out:535 type:P dur:2 cpbdur:2 q:33.15 aq:18.00 tex:0 mv:0 misc:424 imb:0 pmb:0 smb:8160 d:s ref:0 ;
in:536 out:536 type:B dur:2 cpbdur:2 q:33.24 aq:23.59 tex:92 mv:20 misc:472 imb:0 pmb:9 smb:8151 d:s ref:0 ;
in:535 out:537 type:b dur:2 cpbdur:2 q:33.29 aq:25.00 tex:9 mv:5 misc:394 imb:0 pmb:1 smb:8159 d:s ref:0 ;
in:537 out:538 type:b dur:2 cpbdur:2 q:33.20 aq:25.00 tex:9 mv:5 misc:394 imb:0 pmb:1 smb:8159 d:- ref:0 ;
in:542 out:539 type:P dur:2 cpbdur:2 q:32.97 aq:17.08 tex:82 mv:43 misc:507 imb:2 pmb:7 smb:8151 d:s ref:0 ;
in:540 out:540 type:B dur:2 cpbdur:2 q:33.06 aq:23.73 tex:119 mv:27 misc:502 imb:0 pmb:15 smb:8145 d:s ref:0 ;
in:539 out:541 type:b dur:2 cpbdur:2 q:33.11 aq:25.00 tex:9 mv:5 misc:394 imb:0 pmb:1 smb:8159 d:s ref:0 ;
in:541 out:542 type:b dur:2 cpbdur:2 q:33.01 aq:25.00 tex:9 mv:5 misc:394 imb:0 pmb:1 smb:8159 d:- ref:0 ;
in:546 out:543 type:P dur:2 cpbdur:2 q:32.78 aq:21.51 tex:71 mv:30 misc:483 imb:1 pmb:5 smb:8154 d:s ref:0 ;
in:544 out:544 type:B dur:2 cpbdur:2 q:32.87 aq:23.80 tex:109 mv:26 misc:481 imb:0 pmb:13 smb:8147 d:s ref:0 ;
in:543 out:545 type:b dur:2 cpbdur:2 q:32.92 aq:25.00 tex:9 mv:5 misc:394 imb:0 pmb:1 smb:8159 d:s ref:0 ;
in:545 out:546 type:b dur:2 cpbdur:2 q:32.83 aq:25.00 tex:9 mv:5 misc:394 imb:0 pmb:1 smb:8159 d:- ref:0 ;
in:550 out:547 type:P dur:2 cpbdur:2 q:32.59 aq:21.49 tex:112 mv:44 misc:524 imb:1 pmb:13 smb:8146 d:s ref:0 ;
in:548 out:548 type:B dur:2 cpbdur:2 q:32.68 aq:23.00 tex:54 mv:18 misc:456 imb:0 pmb:7 smb:8153 d:s ref:0 ;
in:547 out:549 type:b dur:2 cpbdur:2 q:32.73 aq:25.00 tex:0 mv:0 misc:392 imb:0 pmb:0 smb:8160 d:s ref:0 ;
in:549 out:550 type:b dur:2 cpbdur:2 q:32.64 aq:25.00 tex:0 mv:0 misc:392 imb:0 pmb:0 smb:8160 d:- ref:0 ;
in:554 out:551 type:P dur:2 cpbdur:2 q:32.38 aq:26.60 tex:72069 mv:28529 misc:5234 imb:2834 pmb:1868 smb:3458 d:s ref:0 w:4,15,7,7,117,10,115,14 ;
in:552 out:552 type:B dur:2 cpbdur:2 q:32.48 aq:22.00 tex:15 mv:8 misc:417 imb:0 pmb:2 smb:8158 d:s ref:0 ;
in:551 out:553 type:b dur:2 cpbdur:2 q:32.53 aq:25.00 tex:0 mv:0 misc:392 imb:0 pmb:0 smb:8160 d:s ref:0 ;
in:553 out:554 type:b dur:2 cpbdur:2 q:32.43 aq:24.31 tex:3414 mv:3343 misc:2491 imb:192 pmb:396 smb:7572 d:- ref:0 ;
in:558 out:555 type:P dur:2 cpbdur:2 q:32.28 aq:27.20 tex:237939 mv:52276 misc:1761 imb:5280 pmb:2527 smb:353 d:s ref:0 w:3,7,13,7,109,18,102,27 ;
in:556 out:556 type:B dur:2 cpbdur:2 q:32.33 aq:25.48 tex:3290 mv:1476 misc:2242 imb:83 pmb:357 smb:7720 d:s ref:0 ;
in:555 out:557 type:b dur:2 cpbdur:2 q:32.35 aq:26.05 tex:3335 mv:2144 misc:2409 imb:86 pmb:466 smb:7608 d:s ref:0 ;
in:557 out:558 type:b dur:2 cpbdur:2 q:32.30 aq:27.24 tex:6033 mv:4547 misc:3780 imb:182 pmb:733 smb:7245 d:- ref:0 ;
in:562 out:559 type:P dur:2 cpbdur:2 q:32.20 aq:27.10 tex:299983 mv:58321 misc:1000 imb:5445 pmb:2653 smb:62 d:s ref:0 w:6,57,10,7,119,8,102,27 ;
in:560 out:560 type:B dur:2 cpbdur:2 q:32.24 aq:26.29 tex:4087 mv:1794 misc:2583 imb:78 pmb:442 smb:7640 d:s ref:0 ;
in:559 out:561 type:b dur:2 cpbdur:2 q:32.26 aq:26.72 tex:2405 mv:1230 misc:1941 imb:55 pmb:308 smb:7797 d:s ref:0 ;
in:561 out:562 type:b dur:2 cpbdur:2 q:32.22 aq:27.08 tex:4153 mv:2712 misc:3119 imb:112 pmb:504 smb:7544 d:- ref:0 ;
in:566 out:563 type:P dur:2 cpbdur:2 q:32.15 aq:26.70 tex:360711 mv:60891 misc:942 imb:5808 pmb:2278 smb:74 d:s ref:0 w:7,121,3,3,8,0,7,17 ;
in:564 out:564 type:B dur:2 cpbdur:2 q:32.17 aq:26.12 tex:4271 mv:1307 misc:2606 imb:51 pmb:485 smb:7624 d:s ref:0 ;
in:563 out:565 type:b dur:2 cpbdur:2 q:32.19 aq:26.57 tex:2818 mv:1490 misc:2228 imb:60 pmb:365 smb:7735 d:s ref:0 ;
in:565 out:566 type:b dur:2 cpbdur:2 q:32.16 aq:27.36 tex:5855 mv:4021 misc:3828 imb:189 pmb:693 smb:7278 d:- ref:0 ;
in:570 out:567 type:P dur:2 cpbdur:2 q:32.11 aq:25.53 tex:414972 mv:63374 misc:990 imb:5854 pmb:2253 smb:53 d:s ref:0 w:6,65,-6,6,74,-19,67,-6 ;
in:568 out:568 type:B dur:2 cpbdur:2 q:32.13 aq:25.91 tex:3740 mv:1676 misc:2448 imb:71 pmb:458 smb:7631 d:s ref:0 ;
in:567 out:569 type:b dur:2 cpbdur:2 q:32.14 aq:26.85 tex:3211 mv:1980 misc:2385 imb:78 pmb:410 smb:7672 d:s ref:0 ;
in:569 out:570 type:b dur:2 cpbdur:2 q:32.12 aq:27.10 tex:5162 mv:3962 misc:3612 imb:160 pmb:674 smb:7326 d:- ref:0 ;
in:573 out:571 type:P dur:2 cpbdur:2 q:32.09 aq:18.99 tex:724289 mv:75933 misc:882 imb:4858 pmb:3300 smb:2 d:s ref:0 w:4,17,-10,6,74,-19,73,-18 ;
in:571 out:572 type:B dur:2 cpbdur:2 q:32.10 aq:25.57 tex:2246 mv:612 misc:1542 imb:7 pmb:382 smb:7771 d:s ref:0 ;
in:572 out:573 type:b dur:2 cpbdur:2 q:32.09 aq:26.02 tex:2883 mv:2546 misc:2123 imb:143 pmb:366 smb:7651 d:- ref:0 ;
in:575 out:574 type:P dur:2 cpbdur:2 q:32.22 aq:18.76 tex:37009 mv:7394 misc:7181 imb:70 pmb:2297 smb:5793 d:s ref:0 ;
in:574 out:575 type:b dur:2 cpbdur:2 q:32.15 aq:24.86 tex:43 mv:20 misc:433 imb:0 pmb:6 smb:8154 d:s ref:0 ;
in:579 out:576 type:P dur:2 cpbdur:2 q:32.16 aq:18.92 tex:20322 mv:2907 misc:5019 imb:36 pmb:1132 smb:6992 d:s ref:0 ;
in:577 out:577 type:B dur:2 cpbdur:2 q:32.19 aq:24.38 tex:127 mv:23 misc:506 imb:0 pmb:13 smb:8147 d:s ref:0 ;
in:576 out:578 type:b dur:2 cpbdur:2 q:32.21 aq:24.00 tex:0 mv:0 misc:392 imb:0 pmb:0 smb:8160 d:s ref:0 ;
in:578 out:579 type:b dur:2 cpbdur:2 q:32.18 aq:24.00 tex:0 mv:0 misc:392 imb:0 pmb:0 smb:8160 d:- ref:0 ;
in:583 out:580 type:P dur:2 cpbdur:2 q:32.16 aq:18.52 tex:8176 mv:1266 misc:3054 imb:20 pmb:498 smb:7642 d:s ref:0 ;
in:581 out:581 type:B dur:2 cpbdur:2 q:32.16 aq:24.13 tex:82 mv:21 misc:481 imb:0 pmb:10 smb:8150 d:s ref:0 ;
in:580 out:582 type:b dur:2 cpbdur:2 q:32.16 aq:24.00 tex:0 mv:0 misc:392 imb:0 pmb:0 smb:8160 d:s ref:0 ;
in:582 out:583 type:b dur:2 cpbdur:2 q:32.16 aq:24.00 tex:0 mv:0 misc:392 imb:0 pmb:0 smb:8160 d:- ref:0 ;
in:587 out:584 type:P dur:2 cpbdur:2 q:32.14 aq:17.83 tex:4445 mv:701 misc:2334 imb:9 pmb:345 smb:7806 d:s ref:0 ;
in:585 out:585 type:B dur:2 cpbdur:2 q:32.15 aq:23.50 tex:125 mv:25 misc:514 imb:0 pmb:15 smb:8145 d:s ref:0 ;
in:584 out:586 type:b dur:2 cpbdur:2 q:32.15 aq:24.00 tex:0 mv:0 misc:392 imb:0 pmb:0 smb:8160 d:s ref:0 ;
in:586 out:587 type:b dur:2 cpbdur:2 q:32.15 aq:24.00 tex:0 mv:0 misc:392 imb:0 pmb:0 smb:8160 d:- ref:0 ;
in:591 out:588 type:P dur:2 cpbdur:2 q:32.19 aq:17.89 tex:1851 mv:251 misc:1706 imb:5 pmb:218 smb:7937 d:s ref:0 ;
in:589 out:589 type:B dur:2 cpbdur:2 q:32.17 aq:23.53 tex:115 mv:26 misc:515 imb:0 pmb:16 smb:8144 d:s ref:0 ;
in:588 out:590 type:b dur:2 cpbdur:2 q:32.15 aq:24.00 tex:0 mv:0 misc:392 imb:0 pmb:0 smb:8160 d:s ref:0 ;
in:590 out:591 type:b dur:2 cpbdur:2 q:32.18 aq:24.00 tex:0 mv:0 misc:392 imb:0 pmb:0 smb:8160 d:- ref:0 ;
in:595 out:592 type:P dur:2 cpbdur:2 q:32.23 aq:17.33 tex:914 mv:204 misc:1146 imb:2 pmb:117 smb:8041 d:s ref:0 ;
in:593 out:593 type:B dur:2 cpbdur:2 q:32.21 aq:23.21 tex:103 mv:23 misc:506 imb:0 pmb:13 smb:8147 d:s ref:0 ;
in:592 out:594 type:b dur:2 cpbdur:2 q:32.20 aq:24.00 tex:0 mv:0 misc:392 imb:0 pmb:0 smb:8160 d:s ref:0 ;
in:594 out:595 type:b dur:2 cpbdur:2 q:32.22 aq:24.00 tex:0 mv:0 misc:392 imb:0 pmb:0 smb:8160 d:- ref:0 ;
in:599 out:596 type:P dur:2 cpbdur:2 q:32.38 aq:17.00 tex:648 mv:149 misc:1291 imb:3 pmb:144 smb:8013 d:s ref:0 ;
in:597 out:597 type:B dur:2 cpbdur:2 q:32.31 aq:23.90 tex:70 mv:16 misc:466 imb:0 pmb:7 smb:8153 d:s ref:0 ;
in:596 out:598 type:b dur:2 cpbdur:2 q:32.27 aq:24.00 tex:0 mv:0 misc:392 imb:0 pmb:0 smb:8160 d:s ref:0 ;
in:598 out:599 type:b dur:2 cpbdur:2 q:32.34 aq:24.00 tex:0 mv:0 misc:392 imb:0 pmb:0 smb:8160 d:- ref:0 ;
in:603 out:600 type:P dur:2 cpbdur:2 q:32.25 aq:17.00 tex:341 mv:92 misc:807 imb:0 pmb:59 smb:8101 d:s ref:0 ;
in:601 out:601 type:B dur:2 cpbdur:2 q:32.31 aq:23.00 tex:91 mv:25 misc:500 imb:0 pmb:13 smb:8147 d:s ref:0 ;
in:600 out:602 type:b dur:2 cpbdur:2 q:32.34 aq:24.00 tex:0 mv:0 misc:392 imb:0 pmb:0 smb:8160 d:s ref:0 ;
in:602 out:603 type:b dur:2 cpbdur:2 q:32.28 aq:24.00 tex:0 mv:0 misc:392 imb:0 pmb:0 smb:8160 d:- ref:0 ;
in:607 out:604 type:P dur:2 cpbdur:2 q:32.01 aq:17.00 tex:236 mv:66 misc:730 imb:0 pmb:46 smb:8114 d:s ref:0 ;
in:605 out:605 type:B dur:2 cpbdur:2 q:32.13 aq:23.09 tex:121 mv:29 misc:506 imb:0 pmb:16 smb:8144 d:s ref:0 ;
in:604 out:606 type:b dur:2 cpbdur:2 q:32.19 aq:24.00 tex:0 mv:0 misc:392 imb:0 pmb:0 smb:8160 d:s ref:0 ;
in:606 out:607 type:b dur:2 cpbdur:2 q:32.07 aq:24.00 tex:0 mv:0 misc:392 imb:0 pmb:0 smb:8160 d:- ref:0 ;
in:611 out:608 type:P dur:2 cpbdur:2 q:31.90 aq:19.21 tex:189 mv:12 misc:447 imb:0 pmb:3 smb:8157 d:s ref:0 ;
in:609 out:609 type:B dur:2 cpbdur:2 q:31.95 aq:22.08 tex:141 mv:27 misc:536 imb:0 pmb:20 smb:8140 d:s ref:0 ;
in:608 out:610 type:b dur:2 cpbdur:2 q:31.98 aq:24.00 tex:0 mv:0 misc:392 imb:0 pmb:0 smb:8160 d:s ref:0 ;
in:610 out:611 type:b dur:2 cpbdur:2 q:31.93 aq:24.00 tex:0 mv:0 misc:392 imb:0 pmb:0 smb:8160 d:- ref:0 ;
in:615 out:612 type:P dur:2 cpbdur:2 q:31.68 aq:20.17 tex:138 mv:43 misc:539 imb:0 pmb:14 smb:8146 d:s ref:0 ;
in:613 out:613 type:B dur:2 cpbdur:2 q:31.79 aq:23.12 tex:147 mv:27 misc:538 imb:0 pmb:19 smb:8141 d:s ref:0 ;
in:612 out:614 type:b dur:2 cpbdur:2 q:31.84 aq:24.00 tex:0 mv:0 misc:392 imb:0 pmb:0 smb:8160 d:s ref:0 ;
in:614 out:615 type:b dur:2 cpbdur:2 q:31.73 aq:24.00 tex:0 mv:0 misc:392 imb:0 pmb:0 smb:8160 d:- ref:0 ;
in:619 out:616 type:P dur:2 cpbdur:2 q:31.52 aq:21.11 tex:149 mv:48 misc:587 imb:0 pmb:22 smb:8138 d:s ref:0 ;
in:617 out:617 type:B dur:2 cpbdur:2 q:31.60 aq:22.06 tex:114 mv:27 misc:515 imb:0 pmb:15 smb:8145 d:s ref:0 ;
in:616 out:618 type:b dur:2 cpbdur:2 q:31.64 aq:24.00 tex:0 mv:0 misc:392 imb:0 pmb:0 smb:8160 d:s ref:0 ;
in:618 out:619 type:b dur:2 cpbdur:2 q:31.56 aq:24.00 tex:0 mv:0 misc:392 imb:0 pmb:0 smb:8160 d:- ref:0 ;
in:623 out:620 type:P dur:2 cpbdur:2 q:31.35 aq:24.67 tex:44695 mv:24759 misc:5554 imb:2135 pmb:1548 smb:4477 d:s ref:0 w:6,59,12,7,117,10,116,12 ;
in:621 out:621 type:B dur:2 cpbdur:2 q:31.43 aq:23.00 tex:25 mv:11 misc:428 imb:0 pmb:3 smb:8157 d:s ref:0 ;
in:620 out:622 type:b dur:2 cpbdur:2 q:31.47 aq:24.00 tex:0 mv:0 misc:392 imb:0 pmb:0 smb:8160 d:s ref:0 ;
in:622 out:623 type:b dur:2 cpbdur:2 q:31.39 aq:24.71 tex:4160 mv:3764 misc:3004 imb:148 pmb:659 smb:7353 d:- ref:0 ;
in:626 out:624 type:P dur:2 cpbdur:2 q:31.20 aq:25.26 tex:165561 mv:49781 misc:3474 imb:4248 pmb:2609 smb:1303 d:s ref:0 w:6,57,17,7,112,14,111,18 ;
in:624 out:625 type:B dur:2 cpbdur:2 q:31.30 aq:23.77 tex:1534 mv:689 misc:1401 imb:20 pmb:221 smb:7919 d:s ref:0 ;
in:625 out:626 type:b dur:2 cpbdur:2 q:31.25 aq:23.67 tex:874 mv:357 misc:1057 imb:11 pmb:127 smb:8022 d:- ref:0 ;
in:630 out:627 type:P dur:2 cpbdur:2 q:31.16 aq:25.51 tex:241450 mv:57416 misc:2158 imb:5212 pmb:2545 smb:403 d:s ref:0 w:7,109,25,7,103,23,102,27 ;
in:628 out:628 type:B dur:2 cpbdur:2 q:31.18 aq:22.83 tex:1680 mv:244 misc:1308 imb:8 pmb:175 smb:7977 d:s ref:0 ;
in:627 out:629 type:b dur:2 cpbdur:2 q:31.19 aq:24.46 tex:1001 mv:410 misc:1157 imb:15 pmb:142 smb:8003 d:s ref:0 ;
in:629 out:630 type:b dur:2 cpbdur:2 q:31.17 aq:24.66 tex:1543 mv:735 misc:1450 imb:24 pmb:184 smb:7952 d:- ref:0 ;
in:634 out:631 type:P dur:2 cpbdur:2 q:31.03 aq:25.08 tex:303279 mv:59018 misc:1271 imb:6009 pmb:2039 smb:112 d:s ref:0 w:7,113,21,5,25,26,25,30 ;
in:632 out:632 type:B dur:2 cpbdur:2 q:31.10 aq:23.13 tex:3379 mv:688 misc:2309 imb:19 pmb:416 smb:7725 d:s ref:0 ;
in:631 out:633 type:b dur:2 cpbdur:2 q:31.13 aq:24.42 tex:1171 mv:551 misc:1254 imb:17 pmb:154 smb:7989 d:s ref:0 ;
in:633 out:634 type:b dur:2 cpbdur:2 q:31.06 aq:23.92 tex:963 mv:301 misc:1104 imb:5 pmb:138 smb:8017 d:- ref:0 ;
in:638 out:635 type:P dur:2 cpbdur:2 q:30.98 aq:24.08 tex:348508 mv:57022 misc:982 imb:6503 pmb:1606 smb:51 d:s ref:0 w:7,123,11,7,100,26,103,26 ;
in:636 out:636 type:B dur:2 cpbdur:2 q:31.01 aq:22.73 tex:2342 mv:306 misc:1776 imb:12 pmb:269 smb:7879 d:s ref:0 ;
in:635 out:637 type:b dur:2 cpbdur:2 q:31.02 aq:23.83 tex:589 mv:227 misc:848 imb:5 pmb:88 smb:8067 d:s ref:0 ;
in:637 out:638 type:b dur:2 cpbdur:2 q:30.99 aq:24.06 tex:2025 mv:676 misc:1675 imb:20 pmb:291 smb:7849 d:- ref:0 ;
in:642 out:639 type:P dur:2 cpbdur:2 q:30.91 aq:16.88 tex:729166 mv:71625 misc:737 imb:5897 pmb:2261 smb:2 d:s ref:0 w:4,17,-2,7,115,12,125,4 ;
in:640 out:640 type:B dur:2 cpbdur:2 q:30.94 aq:22.59 tex:6768 mv:1330 misc:3894 imb:42 pmb:1073 smb:7045 d:s ref:0 ;
in:639 out:641 type:b dur:2 cpbdur:2 q:30.96 aq:24.22 tex:990 mv:349 misc:1077 imb:9 pmb:133 smb:8018 d:s ref:0 ;
in:641 out:642 type:b dur:2 cpbdur:2 q:30.93 aq:23.88 tex:4140 mv:2128 misc:3244 imb:67 pmb:702 smb:7391 d:- ref:0 ;
in:646 out:643 type:P dur:2 cpbdur:2 q:30.99 aq:16.85 tex:45321 mv:11678 misc:7681 imb:106 pmb:2727 smb:5327 d:s ref:0 ;
in:644 out:644 type:B dur:2 cpbdur:2 q:30.95 aq:21.92 tex:404 mv:70 misc:710 imb:0 pmb:51 smb:8109 d:s ref:0 ;
in:643 out:645 type:b dur:2 cpbdur:2 q:30.93 aq:23.06 tex:99 mv:23 misc:446 imb:0 pmb:9 smb:8151 d:s ref:0 ;
in:645 out:646 type:b dur:2 cpbdur:2 q:30.97 aq:23.06 tex:88 mv:20 misc:444 imb:0 pmb:8 smb:8152 d:- ref:0 ;
in:650 out:647 type:P dur:2 cpbdur:2 q:30.81 aq:16.45 tex:18048 mv:3975 misc:5017 imb:50 pmb:1105 smb:7005 d:s ref:0 ;
in:648 out:648 type:B dur:2 cpbdur:2 q:30.90 aq:21.72 tex:372 mv:52 misc:712 imb:0 pmb:52 smb:8108 d:s ref:0 ;
in:647 out:649 type:b dur:2 cpbdur:2 q:30.94 aq:23.52 tex:64 mv:16 misc:432 imb:0 pmb:6 smb:8154 d:s ref:0 ;
in:649 out:650 type:b dur:2 cpbdur:2 q:30.86 aq:23.77 tex:19 mv:5 misc:400 imb:0 pmb:1 smb:8159 d:- ref:0 ;
in:654 out:651 type:P dur:2 cpbdur:2 q:30.83 aq:16.18 tex:7674 mv:1682 misc:3460 imb:25 pmb:607 smb:7528 d:s ref:0 ;
in:652 out:652 type:B dur:2 cpbdur:2 q:30.82 aq:21.54 tex:307 mv:47 misc:654 imb:0 pmb:40 smb:8120 d:s ref:0 ;
in:651 out:653 type:b dur:2 cpbdur:2 q:30.82 aq:23.77 tex:19 mv:5 misc:400 imb:0 pmb:1 smb:8159 d:s ref:0 ;
in:653 out:654 type:b dur:2 cpbdur:2 q:30.83 aq:23.77 tex:19 mv:5 misc:400 imb:0 pmb:1 smb:8159 d:- ref:0 ;
in:658 out:655 type:P dur:2 cpbdur:2 q:30.84 aq:15.96 tex:4993 mv:960 misc:2839 imb:19 pmb:471 smb:7670 d:s ref:0 ;
in:656 out:656 type:B dur:2 cpbdur:2 q:30.84 aq:21.31 tex:299 mv:53 misc:656 imb:0 pmb:40 smb:8120 d:s ref:0 ;
in:655 out:657 type:b dur:2 cpbdur:2 q:30.83 aq:23.77 tex:19 mv:5 misc:400 imb:0 pmb:1 smb:8159 d:s ref:0 ;
in:657 out:658 type:b dur:2 cpbdur:2 q:30.84 aq:23.25 tex:66 mv:17 misc:429 imb:0 pmb:6 smb:8154 d:- ref:0 ;
in:662 out:659 type:P dur:2 cpbdur:2 q:30.82 aq:16.50 tex:2467 mv:427 misc:2234 imb:11 pmb:323 smb:7826 d:s ref:0 ;
in:660 out:660 type:B dur:2 cpbdur:2 q:30.83 aq:20.89 tex:279 mv:43 misc:670 imb:0 pmb:42 smb:8118 d:s ref:0 ;
in:659 out:661 type:b dur:2 cpbdur:2 q:30.84 aq:23.25 tex:66 mv:17 misc:429 imb:0 pmb:6 smb:8154 d:s ref:0 ;
in:661 out:662 type:b dur:2 cpbdur:2 q:30.83 aq:23.25 tex:59 mv:15 misc:422 imb:0 pmb:5 smb:8155 d:- ref:0 ;
in:666 out:663 type:P dur:2 cpbdur:2 q:30.96 aq:16.46 tex:1720 mv:240 misc:2040 imb:6 pmb:289 smb:7865 d:s ref:0 ;
in:664 out:664 type:B dur:2 cpbdur:2 q:30.89 aq:21.21 tex:306 mv:45 misc:721 imb:0 pmb:49 smb:8111 d:s ref:0 ;
in:663 out:665 type:b dur:2 cpbdur:2 q:30.85 aq:23.25 tex:59 mv:15 misc:422 imb:0 pmb:5 smb:8155 d:s ref:0 ;
in:665 out:666 type:b dur:2 cpbdur:2 q:30.92 aq:23.25 tex:71 mv:18 misc:439 imb:0 pmb:7 smb:8153 d:- ref:0 ;
in:670 out:667 type:P dur:2 cpbdur:2 q:30.72 aq:16.52 tex:1549 mv:234 misc:2017 imb:7 pmb:288 smb:7865 d:s ref:0 ;
in:668 out:668 type:B dur:2 cpbdur:2 q:30.84 aq:21.36 tex:324 mv:45 misc:743 imb:0 pmb:52 smb:8108 d:s ref:0 ;
in:667 out:669 type:b dur:2 cpbdur:2 q:30.90 aq:23.25 tex:71 mv:18 misc:439 imb:0 pmb:7 smb:8153 d:s ref:0 ;
in:669 out:670 type:b dur:2 cpbdur:2 q:30.78 aq:23.25 tex:71 mv:18 misc:439 imb:0 pmb:7 smb:8153 d:- ref:0 ;
in:674 out:671 type:P dur:2 cpbdur:2 q:30.57 aq:16.53 tex:1556 mv:232 misc:1812 imb:5 pmb:252 smb:7903 d:s ref:0 ;
in:672 out:672 type:B dur:2 cpbdur:2 q:30.65 aq:21.20 tex:301 mv:43 misc:728 imb:0 pmb:48 smb:8112 d:s ref:0 ;
in:671 out:673 type:b dur:2 cpbdur:2 q:30.68 aq:23.25 tex:71 mv:18 misc:439 imb:0 pmb:7 smb:8153 d:s ref:0 ;
in:673 out:674 type:b dur:2 cpbdur:2 q:30.61 aq:23.25 tex:71 mv:18 misc:439 imb:0 pmb:7 smb:8153 d:- ref:0 ;
in:678 out:675 type:P dur:2 cpbdur:2 q:30.41 aq:16.54 tex:1419 mv:172 misc:1793 imb:3 pmb:244 smb:7913 d:s ref:0 ;
in:676 out:676 type:B dur:2 cpbdur:2 q:30.49 aq:21.19 tex:294 mv:47 misc:699 imb:0 pmb:45 smb:8115 d:s ref:0 ;
in:675 out:677 type:b dur:2 cpbdur:2 q:30.53 aq:23.22 tex:89 mv:20 misc:443 imb:0 pmb:8 smb:8152 d:s ref:0 ;
in:677 out:678 type:b dur:2 cpbdur:2 q:30.45 aq:23.22 tex:89 mv:20 misc:443 imb:0 pmb:8 smb:8152 d:- ref:0 ;
in:682 out:679 type:P dur:2 cpbdur:2 q:30.18 aq:17.53 tex:963 mv:129 misc:1220 imb:2 pmb:129 smb:8029 d:s ref:0 ;
in:680 out:680 type:B dur:2 cpbdur:2 q:30.30 aq:21.12 tex:228 mv:41 misc:619 imb:0 pmb:32 smb:8128 d:s ref:0 ;
in:679 out:681 type:b dur:2 cpbdur:2 q:30.35 aq:23.22 tex:89 mv:20 misc:443 imb:0 pmb:8 smb:8152 d:s ref:0 ;
in:681 out:682 type:b dur:2 cpbdur:2 q:30.24 aq:22.96 tex:83 mv:16 misc:437 imb:0 pmb:7 smb:8153 d:- ref:0 ;
in:686 out:683 type:P dur:2 cpbdur:2 q:30.06 aq:17.51 tex:1535 mv:275 misc:1462 imb:6 pmb:170 smb:7984 d:s ref:0 ;
in:684 out:684 type:B dur:2 cpbdur:2 q:30.12 aq:20.88 tex:247 mv:37 misc:620 imb:0 pmb:32 smb:8128 d:s ref:0 ;
in:683 out:685 type:b dur:2 cpbdur:2 q:30.15 aq:22.96 tex:89 mv:21 misc:442 imb:0 pmb:8 smb:8152 d:s ref:0 ;
in:685 out:686 type:b dur:2 cpbdur:2 q:30.09 aq:22.00 tex:34 mv:10 misc:412 imb:0 pmb:3 smb:8157 d:- ref:0 ;
in:690 out:687 type:P dur:2 cpbdur:2 q:29.88 aq:17.81 tex:706 mv:138 misc:684 imb:6 pmb:33 smb:8121 d:s ref:0 ;
in:688 out:688 type:B dur:2 cpbdur:2 q:29.97 aq:20.37 tex:133 mv:26 misc:505 imb:0 pmb:14 smb:8146 d:s ref:0 ;
in:687 out:689 type:b dur:2 cpbdur:2 q:30.02 aq:22.00 tex:41 mv:12 misc:419 imb:0 pmb:4 smb:8156 d:s ref:0 ;
in:689 out:690 type:b dur:2 cpbdur:2 q:29.93 aq:24.00 tex:0 mv:0 misc:392 imb:0 pmb:0 smb:8160 d:- ref:0 ;
in:694 out:691 type:P dur:2 cpbdur:2 q:29.70 aq:22.68 tex:814973 mv:63618 misc:721 imb:5659 pmb:2501 smb:0 d:s ref:0 w:7,117,10 ;
in:692 out:692 type:B dur:2 cpbdur:2 q:29.79 aq:22.53 tex:5836 mv:1240 misc:2836 imb:44 pmb:821 smb:7295 d:s ref:0 ;
in:691 out:693 type:b dur:2 cpbdur:2 q:29.84 aq:23.50 tex:5240 mv:2312 misc:2896 imb:88 pmb:755 smb:7317 d:s ref:0 ;
in:693 out:694 type:b dur:2 cpbdur:2 q:29.74 aq:24.49 tex:2020 mv:521 misc:1387 imb:12 pmb:295 smb:7853 d:- ref:0 ;
in:698 out:695 type:P dur:2 cpbdur:2 q:29.86 aq:22.82 tex:1163725 mv:54008 misc:915 imb:4441 pmb:3692 smb:27 d:s ref:0 w:4,17,-12,6,105,-75,109,-95 ;
in:696 out:696 type:B dur:2 cpbdur:2 q:29.78 aq:24.35 tex:2921 mv:345 misc:1774 imb:10 pmb:282 smb:7868 d:s ref:0 ;
in:695 out:697 type:b dur:2 cpbdur:2 q:29.74 aq:26.01 tex:2552 mv:722 misc:1806 imb:18 pmb:358 smb:7784 d:t ref:0 ;
in:697 out:698 type:b dur:2 cpbdur:2 q:29.82 aq:22.63 tex:991 mv:316 misc:1037 imb:4 pmb:130 smb:8026 d:- ref:0 ;
in:699 out:699 type:P dur:2 cpbdur:2 q:30.13 aq:22.54 tex:468026 mv:30922 misc:2636 imb:2011 pmb:5450 smb:699 d:s ref:0 w:5,33,-5,6,71,-13,71,-15 ;
in:701 out:700 type:P dur:2 cpbdur:2 q:30.16 aq:22.59 tex:830830 mv:39196 misc:1038 imb:3101 pmb:4971 smb:88 d:s ref:0 w:5,35,-15,6,77,-24,77,-27 ;
in:700 out:701 type:b dur:2 cpbdur:2 q:30.15 aq:23.15 tex:2078 mv:758 misc:1636 imb:26 pmb:292 smb:7842 d:s ref:0 ;
in:703 out:702 type:P dur:2 cpbdur:2 q:30.24 aq:22.61 tex:738324 mv:34864 misc:1388 imb:2813 pmb:5127 smb:220 d:s ref:0 w:5,35,-14,6,74,-18,75,-23 ;
in:702 out:703 type:b dur:2 cpbdur:2 q:30.20 aq:23.17 tex:1794 mv:912 misc:1294 imb:20 pmb:217 smb:7923 d:s ref:0 ;
in:705 out:704 type:P dur:2 cpbdur:2 q:30.31 aq:22.64 tex:738892 mv:32064 misc:1220 imb:2806 pmb:5221 smb:133 d:s ref:0 w:6,71,-16,6,74,-19,73,-19 ;
in:704 out:705 type:b dur:2 cpbdur:2 q:30.28 aq:21.82 tex:1113 mv:232 misc:1127 imb:8 pmb:154 smb:7998 d:s ref:0 ;
in:707 out:706 type:P dur:2 cpbdur:2 q:30.29 aq:22.57 tex:666187 mv:29327 misc:1462 imb:2680 pmb:5208 smb:272 d:s ref:0 w:5,35,-14,6,72,-15,73,-19 ;
in:706 out:707 type:b dur:2 cpbdur:2 q:30.30 aq:22.47 tex:2820 mv:1249 misc:1859 imb:54 pmb:417 smb:7689 d:s ref:0 ;
in:709 out:708 type:P dur:2 cpbdur:2 q:30.34 aq:22.37 tex:671316 mv:27225 misc:1523 imb:2662 pmb:5240 smb:258 d:s ref:0 w:5,35,-14,6,72,-15,71,-15 ;
in:708 out:709 type:b dur:2 cpbdur:2 q:30.32 aq:22.77 tex:2322 mv:1043 misc:1667 imb:31 pmb:396 smb:7733 d:s ref:0 ;
in:711 out:710 type:P dur:2 cpbdur:2 q:30.36 aq:19.46 tex:801371 mv:40489 misc:948 imb:2118 pmb:5997 smb:45 d:s ref:0 w:5,35,-13,6,71,-12,71,-14 ;
in:710 out:711 type:b dur:2 cpbdur:2 q:30.35 aq:24.14 tex:4601 mv:2078 misc:2433 imb:78 pmb:784 smb:7298 d:s ref:0 ;
in:713 out:712 type:P dur:2 cpbdur:2 q:30.43 aq:19.36 tex:96219 mv:8719 misc:7926 imb:71 pmb:3335 smb:4754 d:s ref:0 ;
in:712 out:713 type:b dur:2 cpbdur:2 q:30.40 aq:23.78 tex:115 mv:27 misc:482 imb:0 pmb:14 smb:8146 d:s ref:0 ;
in:715 out:714 type:P dur:2 cpbdur:2 q:30.36 aq:19.27 tex:82095 mv:4503 misc:7010 imb:42 pmb:2371 smb:5747 d:s ref:0 ;
in:714 out:715 type:b dur:2 cpbdur:2 q:30.40 aq:23.85 tex:81 mv:22 misc:449 imb:0 pmb:9 smb:8151 d:s ref:0 ;
in:717 out:716 type:P dur:2 cpbdur:2 q:30.56 aq:19.32 tex:45764 mv:1891 misc:4921 imb:18 pmb:1222 smb:6920 d:s ref:0 ;
in:716 out:717 type:b dur:2 cpbdur:2 q:30.46 aq:23.85 tex:78 mv:20 misc:454 imb:0 pmb:9 smb:8151 d:s ref:0 ;
in:721 out:718 type:P dur:2 cpbdur:2 q:30.46 aq:19.64 tex:36398 mv:1352 misc:4818 imb:8 pmb:1223 smb:6929 d:s ref:0 ;
in:719 out:719 type:B dur:2 cpbdur:2 q:30.51 aq:22.49 tex:366 mv:44 misc:766 imb:0 pmb:63 smb:8097 d:t ref:0 ;
in:718 out:720 type:b dur:2 cpbdur:2 q:30.53 aq:22.02 tex:54 mv:19 misc:431 imb:0 pmb:6 smb:8154 d:s ref:0 ;
in:720 out:721 type:b dur:2 cpbdur:2 q:30.49 aq:22.02 tex:61 mv:21 misc:438 imb:0 pmb:7 smb:8153 d:- ref:0 ;
in:725 out:722 type:P dur:2 cpbdur:2 q:30.65 aq:19.60 tex:24252 mv:453 misc:3527 imb:2 pmb:851 smb:7307 d:s ref:0 ;
in:723 out:723 type:B dur:2 cpbdur:2 q:30.56 aq:21.50 tex:346 mv:43 misc:763 imb:0 pmb:60 smb:8100 d:s ref:0 ;
in:722 out:724 type:b dur:2 cpbdur:2 q:30.51 aq:22.02 tex:67 mv:23 misc:446 imb:0 pmb:8 smb:8152 d:s ref:0 ;
in:724 out:725 type:b dur:2 cpbdur:2 q:30.60 aq:23.03 tex:44 mv:14 misc:422 imb:0 pmb:5 smb:8155 d:- ref:0 ;
in:729 out:726 type:P dur:2 cpbdur:2 q:31.43 aq:20.10 tex:3711 mv:243 misc:2766 imb:1 pmb:524 smb:7635 d:s ref:0 ;
in:727 out:727 type:B dur:2 cpbdur:2 q:31.04 aq:21.77 tex:284 mv:43 misc:697 imb:0 pmb:48 smb:8112 d:s ref:0 ;
in:726 out:728 type:b dur:2 cpbdur:2 q:30.84 aq:23.03 tex:44 mv:14 misc:422 imb:0 pmb:5 smb:8155 d:s ref:0 ;
in:728 out:729 type:b dur:2 cpbdur:2 q:31.24 aq:23.05 tex:39 mv:14 misc:411 imb:0 pmb:4 smb:8156 d:- ref:0 ;
in:733 out:730 type:P dur:2 cpbdur:2 q:31.89 aq:19.75 tex:1460 mv:101 misc:1327 imb:0 pmb:149 smb:8011 d:s ref:0 ;
in:731 out:731 type:B dur:2 cpbdur:2 q:31.66 aq:22.33 tex:162 mv:33 misc:557 imb:0 pmb:24 smb:8136 d:s ref:0 ;
in:730 out:732 type:b dur:2 cpbdur:2 q:31.55 aq:24.04 tex:15 mv:5 misc:396 imb:0 pmb:1 smb:8159 d:s ref:0 ;
in:732 out:733 type:b dur:2 cpbdur:2 q:31.77 aq:24.04 tex:15 mv:5 misc:396 imb:0 pmb:1 smb:8159 d:- ref:0 ;
in:737 out:734 type:P dur:2 cpbdur:2 q:32.37 aq:17.03 tex:479 mv:77 misc:1076 imb:0 pmb:107 smb:8053 d:s ref:0 ;
in:735 out:735 type:B dur:2 cpbdur:2 q:32.13 aq:22.24 tex:136 mv:26 misc:510 imb:0 pmb:16 smb:8144 d:s ref:0 ;
in:734 out:736 type:b dur:2 cpbdur:2 q:32.01 aq:24.04 tex:15 mv:5 misc:396 imb:0 pmb:1 smb:8159 d:s ref:0 ;
in:736 out:737 type:b dur:2 cpbdur:2 q:32.25 aq:26.00 tex:0 mv:0 misc:384 imb:0 pmb:0 smb:8160 d:- ref:0 ;
in:741 out:738 type:P dur:2 cpbdur:2 q:32.32 aq:17.51 tex:93 mv:39 misc:508 imb:0 pmb:10 smb:8150 d:s ref:0 ;
in:739 out:739 type:B dur:2 cpbdur:2 q:32.35 aq:24.20 tex:132 mv:30 misc:518 imb:0 pmb:16 smb:8144 d:s ref:0 ;
in:738 out:740 type:b dur:2 cpbdur:2 q:32.36 aq:27.00 tex:0 mv:0 misc:384 imb:0 pmb:0 smb:8160 d:s ref:0 ;
in:740 out:741 type:b dur:2 cpbdur:2 q:32.33 aq:26.00 tex:0 mv:0 misc:384 imb:0 pmb:0 smb:8160 d:- ref:0 ;
in:745 out:742 type:P dur:2 cpbdur:2 q:32.16 aq:19.29 tex:21 mv:3 misc:432 imb:0 pmb:1 smb:8159 d:s ref:0 ;
in:743 out:743 type:B dur:2 cpbdur:2 q:32.24 aq:23.48 tex:124 mv:26 misc:514 imb:0 pmb:15 smb:8145 d:s ref:0 ;
in:742 out:744 type:b dur:2 cpbdur:2 q:32.28 aq:26.00 tex:0 mv:0 misc:384 imb:0 pmb:0 smb:8160 d:s ref:0 ;
in:744 out:745 type:b dur:2 cpbdur:2 q:32.20 aq:26.00 tex:0 mv:0 misc:384 imb:0 pmb:0 smb:8160 d:- ref:0 ;
in:749 out:746 type:P dur:2 cpbdur:2 q:31.97 aq:22.04 tex:115 mv:25 misc:484 imb:0 pmb:11 smb:8149 d:s ref:0 ;
in:747 out:747 type:B dur:2 cpbdur:2 q:32.06 aq:23.46 tex:167 mv:30 misc:539 imb:0 pmb:21 smb:8139 d:s ref:0 ;
in:746 out:748 type:b dur:2 cpbdur:2 q:32.11 aq:26.00 tex:0 mv:0 misc:384 imb:0 pmb:0 smb:8160 d:s ref:0 ;
in:748 out:749 type:b dur:2 cpbdur:2 q:32.02 aq:24.04 tex:15 mv:5 misc:396 imb:0 pmb:1 smb:8159 d:- ref:0 ;
in:750 out:750 type:I dur:2 cpbdur:2 q:28.64 aq:20.62 tex:2125688 mv:266607 misc:345 imb:8160 pmb:0 smb:0 d:s ref:;
in:754 out:751 type:P dur:2 cpbdur:2 q:32.64 aq:24.47 tex:639 mv:207 misc:1066 imb:4 pmb:112 smb:8044 d:s ref:0 ;
in:752 out:752 type:B dur:2 cpbdur:2 q:32.64 aq:27.00 tex:0 mv:0 misc:384 imb:0 pmb:0 smb:8160 d:s ref:0 ;
in:751 out:753 type:b dur:2 cpbdur:2 q:32.64 aq:27.00 tex:0 mv:0 misc:384 imb:0 pmb:0 smb:8160 d:s ref:0 ;
in:753 out:754 type:b dur:2 cpbdur:2 q:32.64 aq:27.00 tex:0 mv:0 misc:384 imb:0 pmb:0 smb:8160 d:- ref:0 ;
in:758 out:755 type:P dur:2 cpbdur:2 q:32.47 aq:25.00 tex:0 mv:0 misc:408 imb:0 pmb:0 smb:8160 d:s ref:0 ;
in:756 out:756 type:B dur:2 cpbdur:2 q:32.55 aq:25.00 tex:0 mv:0 misc:408 imb:0 pmb:0 smb:8160 d:s ref:0 ;
in:755 out:757 type:b dur:2 cpbdur:2 q:32.60 aq:27.00 tex:0 mv:0 misc:384 imb:0 pmb:0 smb:8160 d:s ref:0 ;
in:757 out:758 type:b dur:2 cpbdur:2 q:32.51 aq:27.00 tex:0 mv:0 misc:384 imb:0 pmb:0 smb:8160 d:- ref:0 ;
in:761 out:759 type:P dur:2 cpbdur:2 q:32.32 aq:27.83 tex:45339 mv:14232 misc:4277 imb:1844 pmb:1581 smb:4735 d:s ref:0 w:5,29,10,7,117,10,117,11 ;
in:759 out:760 type:B dur:2 cpbdur:2 q:32.42 aq:26.00 tex:4 mv:3 misc:409 imb:0 pmb:1 smb:8159 d:s ref:0 ;
in:760 out:761 type:b dur:2 cpbdur:2 q:32.37 aq:24.77 tex:1784 mv:995 misc:1629 imb:66 pmb:214 smb:7880 d:- ref:0 ;
in:763 out:762 type:P dur:2 cpbdur:2 q:32.24 aq:27.77 tex:133467 mv:25763 misc:3418 imb:2666 pmb:3401 smb:2093 d:s ref:0 w:5,29,10,7,115,12,115,14 ;
in:762 out:763 type:b dur:2 cpbdur:2 q:32.28 aq:25.27 tex:592 mv:177 misc:743 imb:3 pmb:72 smb:8085 d:s ref:0 ;
in:765 out:764 type:P dur:2 cpbdur:2 q:32.21 aq:27.90 tex:153952 mv:26620 misc:3932 imb:2477 pmb:4011 smb:1672 d:s ref:0 w:5,29,10,6,57,13,57,15 ;
in:764 out:765 type:b dur:2 cpbdur:2 q:32.22 aq:24.56 tex:1422 mv:754 misc:1288 imb:30 pmb:192 smb:7938 d:s ref:0 ;
in:767 out:766 type:P dur:2 cpbdur:2 q:32.18 aq:28.23 tex:188118 mv:29849 misc:3817 imb:2443 pmb:4502 smb:1215 d:s ref:0 w:7,117,9,7,113,14,112,16 ;
in:766 out:767 type:b dur:2 cpbdur:2 q:32.19 aq:25.40 tex:610 mv:174 misc:784 imb:2 pmb:79 smb:8079 d:s ref:0 ;
in:768 out:768 type:P dur:2 cpbdur:2 q:32.16 aq:28.33 tex:105123 mv:23137 misc:5956 imb:1665 pmb:4031 smb:2464 d:s ref:0 w:7,123,4,4,15,7,15,8 ;
in:769 out:769 type:P dur:2 cpbdur:2 q:32.14 aq:28.41 tex:136691 mv:25553 misc:4988 imb:1837 pmb:4605 smb:1718 d:s ref:0 w:5,31,3,7,119,8,120,8 ;
in:770 out:770 type:P dur:2 cpbdur:2 q:32.13 aq:27.87 tex:147167 mv:30883 misc:4142 imb:2316 pmb:4698 smb:1146 d:s ref:0 w:7,125,2,6,60,8,59,10 ;
in:774 out:771 type:P dur:2 cpbdur:2 q:32.12 aq:27.17 tex:520614 mv:49818 misc:952 imb:6831 pmb:1280 smb:49 d:s ref:0 w:7,125,0,7,94,31,95,35 ;
in:772 out:772 type:B dur:2 cpbdur:2 q:32.12 aq:26.84 tex:3583 mv:905 misc:2152 imb:26 pmb:455 smb:7679 d:s ref:0 ;
in:771 out:773 type:b dur:2 cpbdur:2 q:32.13 aq:24.19 tex:1022 mv:331 misc:1167 imb:10 pmb:163 smb:7987 d:s ref:0 ;
in:773 out:774 type:b dur:2 cpbdur:2 q:32.12 aq:20.68 tex:441 mv:126 misc:705 imb:4 pmb:57 smb:8099 d:- ref:0 ;
in:778 out:775 type:P dur:2 cpbdur:2 q:32.37 aq:26.19 tex:381846 mv:49992 misc:746 imb:7005 pmb:1154 smb:1 d:s ref:0 w:6,73,-20,7,107,19,107,22 ;
in:776 out:776 type:B dur:2 cpbdur:2 q:32.24 aq:25.54 tex:3161 mv:1002 misc:2053 imb:31 pmb:389 smb:7740 d:s ref:0 ;
in:775 out:777 type:b dur:2 cpbdur:2 q:32.18 aq:26.82 tex:1814 mv:776 misc:1458 imb:30 pmb:225 smb:7905 d:t ref:0 ;
in:777 out:778 type:b dur:2 cpbdur:2 q:32.30 aq:25.68 tex:1102 mv:505 misc:1137 imb:18 pmb:140 smb:8002 d:- ref:0 ;
in:780 out:779 type:P dur:2 cpbdur:2 q:32.33 aq:18.27 tex:524396 mv:67131 misc:689 imb:5207 pmb:2952 smb:1 d:s ref:0 w:5,35,-12,6,66,-3,65,-2 ;
in:779 out:780 type:b dur:2 cpbdur:2 q:32.35 aq:24.88 tex:2890 mv:1773 misc:1921 imb:75 pmb:379 smb:7706 d:s ref:0 ;
in:784 out:781 type:P dur:2 cpbdur:2 q:32.36 aq:18.14 tex:35017 mv:8577 misc:7142 imb:114 pmb:2242 smb:5804 d:s ref:0 ;
in:782 out:782 type:B dur:2 cpbdur:2 q:32.35 aq:23.05 tex:283 mv:62 misc:655 imb:0 pmb:42 smb:8118 d:s ref:0 ;
in:781 out:783 type:b dur:2 cpbdur:2 q:32.34 aq:25.93 tex:56 mv:17 misc:431 imb:0 pmb:5 smb:8155 d:s ref:0 ;
in:783 out:784 type:b dur:2 cpbdur:2 q:32.35 aq:25.10 tex:34 mv:11 misc:411 imb:0 pmb:3 smb:8157 d:- ref:0 ;
in:788 out:785 type:P dur:2 cpbdur:2 q:32.22 aq:17.56 tex:10225 mv:2328 misc:3999 imb:26 pmb:746 smb:7388 d:s ref:0 ;
in:786 out:786 type:B dur:2 cpbdur:2 q:32.29 aq:22.90 tex:200 mv:42 misc:574 imb:0 pmb:28 smb:8132 d:s ref:0 ;
in:785 out:787 type:b dur:2 cpbdur:2 q:32.33 aq:25.10 tex:26 mv:8 misc:406 imb:0 pmb:2 smb:8158 d:s ref:0 ;
in:787 out:788 type:b dur:2 cpbdur:2 q:32.26 aq:25.10 tex:18 mv:4 misc:394 imb:0 pmb:1 smb:8159 d:- ref:0 ;
in:792 out:789 type:P dur:2 cpbdur:2 q:32.18 aq:16.97 tex:4040 mv:903 misc:2457 imb:15 pmb:375 smb:7770 d:s ref:0 ;
in:790 out:790 type:B dur:2 cpbdur:2 q:32.20 aq:22.88 tex:184 mv:35 misc:557 imb:0 pmb:23 smb:8137 d:s ref:0 ;
in:789 out:791 type:b dur:2 cpbdur:2 q:32.21 aq:25.10 tex:18 mv:4 misc:394 imb:0 pmb:1 smb:8159 d:s ref:0 ;
in:791 out:792 type:b dur:2 cpbdur:2 q:32.19 aq:28.00 tex:0 mv:0 misc:384 imb:0 pmb:0 smb:8160 d:- ref:0 ;
in:796 out:793 type:P dur:2 cpbdur:2 q:32.23 aq:16.88 tex:2017 mv:372 misc:1891 imb:6 pmb:250 smb:7904 d:s ref:0 ;
in:794 out:794 type:B dur:2 cpbdur:2 q:32.20 aq:22.85 tex:192 mv:35 misc:573 imb:0 pmb:25 smb:8135 d:s ref:0 ;
in:793 out:795 type:b dur:2 cpbdur:2 q:32.19 aq:28.00 tex:0 mv:0 misc:384 imb:0 pmb:0 smb:8160 d:s ref:0 ;
in:795 out:796 type:b dur:2 cpbdur:2 q:32.22 aq:25.10 tex:18 mv:4 misc:394 imb:0 pmb:1 smb:8159 d:- ref:0 ;
in:800 out:797 type:P dur:2 cpbdur:2 q:32.36 aq:17.03 tex:1278 mv:255 misc:1715 imb:5 pmb:219 smb:7936 d:s ref:0 ;
in:798 out:798 type:B dur:2 cpbdur:2 q:32.29 aq:22.05 tex:142 mv:29 misc:517 imb:0 pmb:16 smb:8144 d:s ref:0 ;
in:797 out:799 type:b dur:2 cpbdur:2 q:32.26 aq:25.10 tex:18 mv:4 misc:394 imb:0 pmb:1 smb:8159 d:s ref:0 ;
in:799 out:800 type:b dur:2 cpbdur:2 q:32.33 aq:28.00 tex:0 mv:0 misc:384 imb:0 pmb:0 smb:8160 d:- ref:0 ;
in:804 out:801 type:P dur:2 cpbdur:2 q:32.33 aq:17.37 tex:1057 mv:169 misc:1446 imb:3 pmb:174 smb:7983 d:s ref:0 ;
in:802 out:802 type:B dur:2 cpbdur:2 q:32.34 aq:22.14 tex:115 mv:27 misc:498 imb:0 pmb:13 smb:8147 d:s ref:0 ;
in:801 out:803 type:b dur:2 cpbdur:2 q:32.35 aq:28.00 tex:0 mv:0 misc:384 imb:0 pmb:0 smb:8160 d:s ref:0 ;
in:803 out:804 type:b dur:2 cpbdur:2 q:32.33 aq:25.10 tex:18 mv:4 misc:394 imb:0 pmb:1 smb:8159 d:- ref:0 ;
in:808 out:805 type:P dur:2 cpbdur:2 q:32.37 aq:17.44 tex:859 mv:153 misc:1268 imb:2 pmb:144 smb:8014 d:s ref:0 ;
in:806 out:806 type:B dur:2 cpbdur:2 q:32.35 aq:22.14 tex:115 mv:27 misc:498 imb:0 pmb:13 smb:8147 d:s ref:0 ;
in:805 out:807 type:b dur:2 cpbdur:2 q:32.34 aq:25.10 tex:18 mv:4 misc:394 imb:0 pmb:1 smb:8159 d:s ref:0 ;
in:807 out:808 type:b dur:2 cpbdur:2 q:32.36 aq:28.00 tex:0 mv:0 misc:384 imb:0 pmb:0 smb:8160 d:- ref:0 ;
in:812 out:809 type:P dur:2 cpbdur:2 q:32.24 aq:17.89 tex:759 mv:148 misc:1125 imb:4 pmb:112 smb:8044 d:s ref:0 ;
in:810 out:810 type:B dur:2 cpbdur:2 q:32.30 aq:22.92 tex:95 mv:33 misc:464 imb:1 pmb:7 smb:8152 d:s ref:0 ;
in:809 out:811 type:b dur:2 cpbdur:2 q:32.34 aq:28.00 tex:0 mv:0 misc:384 imb:0 pmb:0 smb:8160 d:s ref:0 ;
in:811 out:812 type:b dur:2 cpbdur:2 q:32.27 aq:25.10 tex:18 mv:4 misc:394 imb:0 pmb:1 smb:8159 d:- ref:0 ;
in:816 out:813 type:P dur:2 cpbdur:2 q:32.10 aq:18.57 tex:530 mv:89 misc:933 imb:0 pmb:80 smb:8080 d:s ref:0 ;
in:814 out:814 type:B dur:2 cpbdur:2 q:32.17 aq:23.03 tex:71 mv:31 misc:450 imb:1 pmb:5 smb:8154 d:s ref:0 ;
in:813 out:815 type:b dur:2 cpbdur:2 q:32.21 aq:25.10 tex:18 mv:4 misc:394 imb:0 pmb:1 smb:8159 d:s ref:0 ;
in:815 out:816 type:b dur:2 cpbdur:2 q:32.14 aq:25.10 tex:18 mv:4 misc:394 imb:0 pmb:1 smb:8159 d:- ref:0 ;
in:820 out:817 type:P dur:2 cpbdur:2 q:31.95 aq:19.55 tex:361 mv:88 misc:735 imb:2 pmb:44 smb:8114 d:s ref:0 ;
in:818 out:818 type:B dur:2 cpbdur:2 q:32.03 aq:22.08 tex:99 mv:26 misc:491 imb:0 pmb:13 smb:8147 d:s ref:0 ;
in:817 out:819 type:b dur:2 cpbdur:2 q:32.07 aq:25.10 tex:18 mv:4 misc:394 imb:0 pmb:1 smb:8159 d:s ref:0 ;
in:819 out:820 type:b dur:2 cpbdur:2 q:31.99 aq:25.10 tex:18 mv:4 misc:394 imb:0 pmb:1 smb:8159 d:- ref:0 ;
in:824 out:821 type:P dur:2 cpbdur:2 q:31.80 aq:19.85 tex:367 mv:101 misc:716 imb:1 pmb:47 smb:8112 d:s ref:0 ;
in:822 out:822 type:B dur:2 cpbdur:2 q:31.88 aq:22.08 tex:98 mv:26 misc:492 imb:0 pmb:13 smb:8147 d:s ref:0 ;
in:821 out:823 type:b dur:2 cpbdur:2 q:31.91 aq:25.10 tex:18 mv:4 misc:394 imb:0 pmb:1 smb:8159 d:s ref:0 ;
in:823 out:824 type:b dur:2 cpbdur:2 q:31.84 aq:27.00 tex:0 mv:0 misc:384 imb:0 pmb:0 smb:8160 d:- ref:0 ;
in:828 out:825 type:P dur:2 cpbdur:2 q:31.67 aq:18.97 tex:99 mv:37 misc:464 imb:2 pmb:6 smb:8152 d:s ref:0 ;
in:826 out:826 type:B dur:2 cpbdur:2 q:31.74 aq:21.73 tex:31 mv:22 misc:427 imb:1 pmb:2 smb:8157 d:s ref:0 ;
in:825 out:827 type:b dur:2 cpbdur:2 q:31.77 aq:27.00 tex:0 mv:0 misc:384 imb:0 pmb:0 smb:8160 d:s ref:0 ;
in:827 out:828 type:b dur:2 cpbdur:2 q:31.71 aq:27.00 tex:0 mv:0 misc:384 imb:0 pmb:0 smb:8160 d:- ref:0 ;
in:832 out:829 type:P dur:2 cpbdur:2 q:31.53 aq:25.34 tex:220060 mv:51158 misc:2158 imb:5944 pmb:1723 smb:493 d:s ref:0 w:3,7,23,7,109,19,108,19 ;
in:830 out:830 type:B dur:2 cpbdur:2 q:31.60 aq:22.88 tex:4735 mv:2258 misc:2951 imb:75 pmb:750 smb:7335 d:s ref:0 ;
in:829 out:831 type:b dur:2 cpbdur:2 q:31.64 aq:23.68 tex:3191 mv:2315 misc:2398 imb:96 pmb:465 smb:7599 d:s ref:0 ;
in:831 out:832 type:b dur:2 cpbdur:2 q:31.56 aq:23.82 tex:979 mv:383 misc:1038 imb:20 pmb:128 smb:8012 d:- ref:0 ;
in:836 out:833 type:P dur:2 cpbdur:2 q:31.48 aq:25.49 tex:327824 mv:56455 misc:1273 imb:6147 pmb:1906 smb:107 d:s ref:0 w:6,61,14,7,111,18,109,19 ;
in:834 out:834 type:B dur:2 cpbdur:2 q:31.50 aq:23.07 tex:2987 mv:920 misc:1893 imb:19 pmb:372 smb:7769 d:s ref:0 ;
in:833 out:835 type:b dur:2 cpbdur:2 q:31.51 aq:24.35 tex:1408 mv:478 misc:1394 imb:15 pmb:214 smb:7931 d:s ref:0 ;
in:835 out:836 type:b dur:2 cpbdur:2 q:31.49 aq:23.39 tex:524 mv:155 misc:761 imb:8 pmb:69 smb:8083 d:- ref:0 ;
in:840 out:837 type:P dur:2 cpbdur:2 q:31.45 aq:25.29 tex:398043 mv:58005 misc:1088 imb:6135 pmb:1913 smb:112 d:s ref:0 w:4,17,0,6,58,13,57,14 ;
in:838 out:838 type:B dur:2 cpbdur:2 q:31.47 aq:22.90 tex:3907 mv:1093 misc:2352 imb:48 pmb:511 smb:7601 d:s ref:0 ;
in:837 out:839 type:b dur:2 cpbdur:2 q:31.47 aq:23.37 tex:888 mv:296 misc:1048 imb:13 pmb:118 smb:8029 d:s ref:0 ;
in:839 out:840 type:b dur:2 cpbdur:2 q:31.46 aq:23.73 tex:2307 mv:1707 misc:1786 imb:63 pmb:323 smb:7774 d:- ref:0 ;
in:844 out:841 type:P dur:2 cpbdur:2 q:31.45 aq:24.70 tex:438212 mv:57686 misc:1038 imb:5810 pmb:2270 smb:80 d:s ref:0 w:5,37,-13,6,64,1,63,1 ;
in:842 out:842 type:B dur:2 cpbdur:2 q:31.45 aq:22.39 tex:1869 mv:469 misc:1406 imb:12 pmb:241 smb:7907 d:s ref:0 ;
in:841 out:843 type:b dur:2 cpbdur:2 q:31.45 aq:23.69 tex:2216 mv:940 misc:1692 imb:47 pmb:299 smb:7814 d:s ref:0 ;
in:843 out:844 type:b dur:2 cpbdur:2 q:31.45 aq:23.32 tex:1842 mv:583 misc:1399 imb:22 pmb:255 smb:7883 d:- ref:0 ;
in:848 out:845 type:P dur:2 cpbdur:2 q:31.43 aq:23.32 tex:525554 mv:56989 misc:1201 imb:5237 pmb:2817 smb:106 d:s ref:0 w:4,19,-19,6,70,-11,71,-15 ;
in:846 out:846 type:B dur:2 cpbdur:2 q:31.44 aq:21.40 tex:1773 mv:441 misc:1370 imb:19 pmb:222 smb:7919 d:s ref:0 ;
in:845 out:847 type:b dur:2 cpbdur:2 q:31.44 aq:23.13 tex:1658 mv:523 misc:1403 imb:26 pmb:251 smb:7883 d:s ref:0 ;
in:847 out:848 type:b dur:2 cpbdur:2 q:31.43 aq:22.83 tex:2197 mv:991 misc:1660 imb:52 pmb:326 smb:7782 d:- ref:0 ;
in:850 out:849 type:P dur:2 cpbdur:2 q:31.44 aq:19.23 tex:320459 mv:53643 misc:2746 imb:2773 pmb:4926 smb:461 d:s ref:0 w:5,33,-2,5,33,-3,33,-4 ;
in:849 out:850 type:b dur:2 cpbdur:2 q:31.44 aq:23.65 tex:281 mv:722 misc:2533 imb:3 pmb:610 smb:7547 d:s ref:0 ;
in:852 out:851 type:P dur:2 cpbdur:2 q:31.46 aq:18.93 tex:68613 mv:10972 misc:7031 imb:268 pmb:2495 smb:5397 d:s ref:0 ;
in:851 out:852 type:b dur:2 cpbdur:2 q:31.45 aq:23.58 tex:73 mv:22 misc:441 imb:0 pmb:7 smb:8153 d:s ref:0 ;
in:854 out:853 type:P dur:2 cpbdur:2 q:31.49 aq:18.75 tex:25310 mv:3858 misc:5224 imb:56 pmb:1231 smb:6873 d:s ref:0 ;
in:853 out:854 type:b dur:2 cpbdur:2 q:31.48 aq:23.12 tex:58 mv:19 misc:435 imb:0 pmb:6 smb:8154 d:s ref:0 ;
in:858 out:855 type:P dur:2 cpbdur:2 q:31.43 aq:19.13 tex:29445 mv:2903 misc:4980 imb:51 pmb:1194 smb:6915 d:s ref:0 ;
in:856 out:856 type:B dur:2 cpbdur:2 q:31.46 aq:21.41 tex:251 mv:34 misc:611 imb:0 pmb:32 smb:8128 d:s ref:0 ;
in:855 out:857 type:b dur:2 cpbdur:2 q:31.48 aq:29.00 tex:0 mv:0 misc:384 imb:0 pmb:0 smb:8160 d:s ref:0 ;
in:857 out:858 type:b dur:2 cpbdur:2 q:31.45 aq:29.00 tex:0 mv:0 misc:384 imb:0 pmb:0 smb:8160 d:- ref:0 ;
in:862 out:859 type:P dur:2 cpbdur:2 q:31.44 aq:18.99 tex:12074 mv:1216 misc:3182 imb:21 pmb:546 smb:7593 d:s ref:0 ;
in:860 out:860 type:B dur:2 cpbdur:2 q:31.44 aq:21.04 tex:221 mv:33 misc:602 imb:0 pmb:30 smb:8130 d:s ref:0 ;
in:859 out:861 type:b dur:2 cpbdur:2 q:31.43 aq:23.10 tex:22 mv:5 misc:397 imb:0 pmb:1 smb:8159 d:s ref:0 ;
in:861 out:862 type:b dur:2 cpbdur:2 q:31.44 aq:23.10 tex:22 mv:5 misc:397 imb:0 pmb:1 smb:8159 d:- ref:0 ;
in:866 out:863 type:P dur:2 cpbdur:2 q:31.47 aq:17.81 tex:6238 mv:668 misc:2310 imb:13 pmb:340 smb:7807 d:s ref:0 ;
in:864 out:864 type:B dur:2 cpbdur:2 q:31.45 aq:21.82 tex:230 mv:42 misc:600 imb:0 pmb:31 smb:8129 d:s ref:0 ;
in:863 out:865 type:b dur:2 cpbdur:2 q:31.45 aq:29.00 tex:0 mv:0 misc:384 imb:0 pmb:0 smb:8160 d:s ref:0 ;
in:865 out:866 type:b dur:2 cpbdur:2 q:31.46 aq:29.00 tex:0 mv:0 misc:384 imb:0 pmb:0 smb:8160 d:- ref:0 ;
in:870 out:867 type:P dur:2 cpbdur:2 q:31.47 aq:16.98 tex:2411 mv:321 misc:1620 imb:6 pmb:198 smb:7956 d:s ref:0 ;
in:868 out:868 type:B dur:2 cpbdur:2 q:31.47 aq:21.30 tex:217 mv:40 misc:583 imb:0 pmb:28 smb:8132 d:s ref:0 ;
in:867 out:869 type:b dur:2 cpbdur:2 q:31.47 aq:29.00 tex:0 mv:0 misc:384 imb:0 pmb:0 smb:8160 d:s ref:0 ;
in:869 out:870 type:b dur:2 cpbdur:2 q:31.47 aq:29.00 tex:0 mv:0 misc:384 imb:0 pmb:0 smb:8160 d:- ref:0 ;
in:874 out:871 type:P dur:2 cpbdur:2 q:31.51 aq:16.77 tex:863 mv:174 misc:1299 imb:4 pmb:145 smb:8011 d:s ref:0 ;
in:872 out:872 type:B dur:2 cpbdur:2 q:31.49 aq:21.74 tex:237 mv:39 misc:588 imb:0 pmb:29 smb:8131 d:s ref:0 ;
in:871 out:873 type:b dur:2 cpbdur:2 q:31.48 aq:29.00 tex:0 mv:0 misc:384 imb:0 pmb:0 smb:8160 d:s ref:0 ;
in:873 out:874 type:b dur:2 cpbdur:2 q:31.50 aq:29.00 tex:0 mv:0 misc:384 imb:0 pmb:0 smb:8160 d:- ref:0 ;
in:878 out:875 type:P dur:2 cpbdur:2 q:31.49 aq:16.93 tex:562 mv:153 misc:1029 imb:4 pmb:93 smb:8063 d:s ref:0 ;
in:876 out:876 type:B dur:2 cpbdur:2 q:31.50 aq:21.50 tex:226 mv:34 misc:596 imb:0 pmb:30 smb:8130 d:s ref:0 ;
in:875 out:877 type:b dur:2 cpbdur:2 q:31.51 aq:29.00 tex:0 mv:0 misc:384 imb:0 pmb:0 smb:8160 d:s ref:0 ;
in:877 out:878 type:b dur:2 cpbdur:2 q:31.50 aq:29.00 tex:0 mv:0 misc:384 imb:0 pmb:0 smb:8160 d:- ref:0 ;
in:882 out:879 type:P dur:2 cpbdur:2 q:31.39 aq:16.12 tex:356 mv:63 misc:789 imb:0 pmb:58 smb:8102 d:s ref:0 ;
in:880 out:880 type:B dur:2 cpbdur:2 q:31.44 aq:21.61 tex:181 mv:35 misc:544 imb:0 pmb:24 smb:8136 d:s ref:0 ;
in:879 out:881 type:b dur:2 cpbdur:2 q:31.47 aq:29.00 tex:0 mv:0 misc:384 imb:0 pmb:0 smb:8160 d:s ref:0 ;
in:881 out:882 type:b dur:2 cpbdur:2 q:31.42 aq:29.00 tex:0 mv:0 misc:384 imb:0 pmb:0 smb:8160 d:- ref:0 ;
in:886 out:883 type:P dur:2 cpbdur:2 q:31.22 aq:17.12 tex:374 mv:77 misc:949 imb:0 pmb:85 smb:8075 d:s ref:0 ;
in:884 out:884 type:B dur:2 cpbdur:2 q:31.31 aq:22.13 tex:220 mv:39 misc:565 imb:0 pmb:27 smb:8133 d:s ref:0 ;
in:883 out:885 type:b dur:2 cpbdur:2 q:31.35 aq:29.00 tex:0 mv:0 misc:384 imb:0 pmb:0 smb:8160 d:s ref:0 ;
in:885 out:886 type:b dur:2 cpbdur:2 q:31.26 aq:29.00 tex:0 mv:0 misc:384 imb:0 pmb:0 smb:8160 d:- ref:0 ;
in:890 out:887 type:P dur:2 cpbdur:2 q:31.08 aq:18.64 tex:166 mv:37 misc:557 imb:0 pmb:18 smb:8142 d:s ref:0 ;
in:888 out:888 type:B dur:2 cpbdur:2 q:31.15 aq:21.10 tex:183 mv:36 misc:557 imb:0 pmb:25 smb:8135 d:s ref:0 ;
in:887 out:889 type:b dur:2 cpbdur:2 q:31.18 aq:29.00 tex:0 mv:0 misc:384 imb:0 pmb:0 smb:8160 d:s ref:0 ;
in:889 out:890 type:b dur:2 cpbdur:2 q:31.11 aq:29.00 tex:0 mv:0 misc:384 imb:0 pmb:0 smb:8160 d:- ref:0 ;
in:894 out:891 type:P dur:2 cpbdur:2 q:30.96 aq:19.85 tex:247 mv:59 misc:574 imb:0 pmb:25 smb:8135 d:s ref:0 ;
in:892 out:892 type:B dur:2 cpbdur:2 q:31.02 aq:22.61 tex:205 mv:34 misc:553 imb:0 pmb:24 smb:8136 d:s ref:0 ;
in:891 out:893 type:b dur:2 cpbdur:2 q:31.05 aq:23.10 tex:22 mv:5 misc:397 imb:0 pmb:1 smb:8159 d:s ref:0 ;
in:893 out:894 type:b dur:2 cpbdur:2 q:30.99 aq:22.12 tex:23 mv:5 misc:396 imb:0 pmb:1 smb:8159 d:- ref:0 ;
in:898 out:895 type:P dur:2 cpbdur:2 q:30.79 aq:25.24 tex:86194 mv:33801 misc:5765 imb:2878 pmb:2594 smb:2688 d:s ref:0 w:7,123,6,6,61,6,61,6 ;
in:896 out:896 type:B dur:2 cpbdur:2 q:30.87 aq:21.59 tex:381 mv:1402 misc:4217 imb:9 pmb:1177 smb:6974 d:s ref:0 ;
in:895 out:897 type:b dur:2 cpbdur:2 q:30.92 aq:28.00 tex:0 mv:0 misc:384 imb:0 pmb:0 smb:8160 d:s ref:0 ;
in:897 out:898 type:b dur:2 cpbdur:2 q:30.83 aq:23.11 tex:650 mv:2608 misc:3918 imb:58 pmb:954 smb:7148 d:- ref:0 ;
in:902 out:899 type:P dur:2 cpbdur:2 q:30.72 aq:26.10 tex:300387 mv:51527 misc:2078 imb:5174 pmb:2510 smb:476 d:s ref:0 w:7,115,16,7,114,14,115,13 ;
in:900 out:900 type:B dur:2 cpbdur:2 q:30.75 aq:24.34 tex:8034 mv:3094 misc:4232 imb:104 pmb:837 smb:7219 d:s ref:0 ;
in:899 out:901 type:b dur:2 cpbdur:2 q:30.77 aq:22.84 tex:709 mv:340 misc:975 imb:9 pmb:101 smb:8050 d:s ref:0 ;
in:901 out:902 type:b dur:2 cpbdur:2 q:30.73 aq:24.13 tex:807 mv:464 misc:1009 imb:15 pmb:101 smb:8044 d:- ref:0 ;
in:906 out:903 type:P dur:2 cpbdur:2 q:30.66 aq:26.05 tex:435540 mv:56638 misc:1214 imb:5347 pmb:2648 smb:165 d:s ref:0 w:7,119,11,7,121,7,120,8 ;
in:904 out:904 type:B dur:2 cpbdur:2 q:30.69 aq:24.96 tex:7536 mv:2759 misc:3521 imb:113 pmb:636 smb:7411 d:s ref:0 ;
in:903 out:905 type:b dur:2 cpbdur:2 q:30.70 aq:24.47 tex:958 mv:606 misc:1012 imb:24 pmb:111 smb:8025 d:s ref:0 ;
in:905 out:906 type:b dur:2 cpbdur:2 q:30.67 aq:24.34 tex:1295 mv:667 misc:1310 imb:22 pmb:176 smb:7962 d:- ref:0 ;
in:910 out:907 type:P dur:2 cpbdur:2 q:30.69 aq:25.66 tex:529142 mv:60301 misc:1069 imb:5267 pmb:2780 smb:113 d:s ref:0 ;
in:908 out:908 type:B dur:2 cpbdur:2 q:30.67 aq:24.97 tex:10524 mv:5183 misc:4837 imb:190 pmb:1107 smb:6863 d:s ref:0 ;
in:907 out:909 type:b dur:2 cpbdur:2 q:30.67 aq:22.88 tex:823 mv:539 misc:1022 imb:18 pmb:114 smb:8028 d:s ref:0 ;
in:909 out:910 type:b dur:2 cpbdur:2 q:30.68 aq:25.06 tex:370 mv:136 misc:654 imb:2 pmb:42 smb:8116 d:- ref:0 ;
in:914 out:911 type:P dur:2 cpbdur:2 q:30.69 aq:24.93 tex:625256 mv:60732 misc:868 imb:5509 pmb:2590 smb:61 d:s ref:0 w:6,69,-12 ;
in:912 out:912 type:B dur:2 cpbdur:2 q:30.69 aq:24.40 tex:8801 mv:3446 misc:3961 imb:135 pmb:744 smb:7281 d:s ref:0 ;
in:911 out:913 type:b dur:2 cpbdur:2 q:30.69 aq:23.61 tex:161 mv:59 misc:508 imb:0 pmb:19 smb:8141 d:s ref:0 ;
in:913 out:914 type:b dur:2 cpbdur:2 q:30.69 aq:24.04 tex:1073 mv:972 misc:1107 imb:16 pmb:153 smb:7991 d:- ref:0 ;
in:918 out:915 type:P dur:2 cpbdur:2 q:30.75 aq:18.78 tex:1077786 mv:71871 misc:759 imb:5030 pmb:3128 smb:2 d:s ref:0 w:3,9,-19,4,16,0,19,-24 ;
in:916 out:916 type:B dur:2 cpbdur:2 q:30.72 aq:23.34 tex:10735 mv:6606 misc:4587 imb:319 pmb:1081 smb:6760 d:s ref:0 ;
in:915 out:917 type:b dur:2 cpbdur:2 q:30.70 aq:24.38 tex:548 mv:423 misc:709 imb:12 pmb:61 smb:8087 d:s ref:0 ;
in:917 out:918 type:b dur:2 cpbdur:2 q:30.73 aq:23.45 tex:2430 mv:1171 misc:1991 imb:31 pmb:423 smb:7706 d:- ref:0 ;
in:920 out:919 type:P dur:2 cpbdur:2 q:30.99 aq:18.49 tex:44737 mv:7361 misc:7174 imb:59 pmb:2262 smb:5839 d:s ref:0 ;
in:919 out:920 type:b dur:2 cpbdur:2 q:30.87 aq:26.62 tex:54 mv:12 misc:414 imb:0 pmb:3 smb:8157 d:s ref:0 ;
in:924 out:921 type:P dur:2 cpbdur:2 q:30.90 aq:18.76 tex:30771 mv:2988 misc:5225 imb:39 pmb:1207 smb:6914 d:s ref:0 ;
in:922 out:922 type:B dur:2 cpbdur:2 q:30.94 aq:23.11 tex:276 mv:52 misc:600 imb:0 pmb:30 smb:8130 d:s ref:0 ;
in:921 out:923 type:b dur:2 cpbdur:2 q:30.97 aq:28.89 tex:28 mv:5 misc:399 imb:0 pmb:1 smb:8159 d:s ref:0 ;
in:923 out:924 type:b dur:2 cpbdur:2 q:30.92 aq:28.89 tex:28 mv:5 misc:399 imb:0 pmb:1 smb:8159 d:- ref:0 ;
in:928 out:925 type:P dur:2 cpbdur:2 q:30.88 aq:18.66 tex:15568 mv:1274 misc:3398 imb:12 pmb:631 smb:7517 d:s ref:0 ;
in:926 out:926 type:B dur:2 cpbdur:2 q:30.89 aq:22.02 tex:194 mv:36 misc:554 imb:0 pmb:21 smb:8139 d:s ref:0 ;
in:925 out:927 type:b dur:2 cpbdur:2 q:30.90 aq:28.89 tex:28 mv:5 misc:399 imb:0 pmb:1 smb:8159 d:s ref:0 ;
in:927 out:928 type:b dur:2 cpbdur:2 q:30.89 aq:31.00 tex:0 mv:0 misc:384 imb:0 pmb:0 smb:8160 d:- ref:0 ;
in:932 out:929 type:P dur:2 cpbdur:2 q:30.85 aq:17.59 tex:6042 mv:600 misc:2214 imb:8 pmb:329 smb:7823 d:s ref:0 ;
in:930 out:930 type:B dur:2 cpbdur:2 q:30.87 aq:22.24 tex:201 mv:32 misc:551 imb:0 pmb:22 smb:8138 d:s ref:0 ;
in:929 out:931 type:b dur:2 cpbdur:2 q:30.87 aq:31.00 tex:0 mv:0 misc:384 imb:0 pmb:0 smb:8160 d:s ref:0 ;
in:931 out:932 type:b dur:2 cpbdur:2 q:30.86 aq:27.00 tex:25 mv:5 misc:394 imb:0 pmb:1 smb:8159 d:- ref:0 ;
in:936 out:933 type:P dur:2 cpbdur:2 q:30.87 aq:16.95 tex:2778 mv:384 misc:1694 imb:8 pmb:216 smb:7936 d:s ref:0 ;
in:934 out:934 type:B dur:2 cpbdur:2 q:30.86 aq:22.02 tex:230 mv:38 misc:556 imb:0 pmb:23 smb:8137 d:s ref:0 ;
in:933 out:935 type:b dur:2 cpbdur:2 q:30.86 aq:27.00 tex:25 mv:5 misc:394 imb:0 pmb:1 smb:8159 d:s ref:0 ;
in:935 out:936 type:b dur:2 cpbdur:2 q:30.87 aq:27.00 tex:25 mv:5 misc:394 imb:0 pmb:1 smb:8159 d:- ref:0 ;
in:940 out:937 type:P dur:2 cpbdur:2 q:30.87 aq:16.76 tex:891 mv:241 misc:1292 imb:5 pmb:137 smb:8018 d:s ref:0 ;
in:938 out:938 type:B dur:2 cpbdur:2 q:30.87 aq:22.29 tex:191 mv:37 misc:532 imb:0 pmb:19 smb:8141 d:s ref:0 ;
in:937 out:939 type:b dur:2 cpbdur:2 q:30.87 aq:27.00 tex:25 mv:5 misc:394 imb:0 pmb:1 smb:8159 d:s ref:0 ;
in:939 out:940 type:b dur:2 cpbdur:2 q:30.87 aq:27.00 tex:25 mv:5 misc:394 imb:0 pmb:1 smb:8159 d:- ref:0 ;
in:944 out:941 type:P dur:2 cpbdur:2 q:31.01 aq:16.58 tex:542 mv:151 misc:1003 imb:5 pmb:85 smb:8070 d:s ref:0 ;
in:942 out:942 type:B dur:2 cpbdur:2 q:30.94 aq:21.84 tex:139 mv:31 misc:486 imb:0 pmb:13 smb:8147 d:s ref:0 ;
in:941 out:943 type:b dur:2 cpbdur:2 q:30.91 aq:27.00 tex:25 mv:5 misc:394 imb:0 pmb:1 smb:8159 d:s ref:0 ;
in:943 out:944 type:b dur:2 cpbdur:2 q:30.98 aq:27.00 tex:25 mv:5 misc:394 imb:0 pmb:1 smb:8159 d:- ref:0 ;
in:948 out:945 type:P dur:2 cpbdur:2 q:30.85 aq:17.08 tex:472 mv:111 misc:897 imb:2 pmb:74 smb:8084 d:s ref:0 ;
in:946 out:946 type:B dur:2 cpbdur:2 q:30.93 aq:21.96 tex:117 mv:27 misc:496 imb:0 pmb:12 smb:8148 d:s ref:0 ;
in:945 out:947 type:b dur:2 cpbdur:2 q:30.97 aq:27.00 tex:25 mv:5 misc:394 imb:0 pmb:1 smb:8159 d:s ref:0 ;
in:947 out:948 type:b dur:2 cpbdur:2 q:30.89 aq:27.00 tex:25 mv:5 misc:394 imb:0 pmb:1 smb:8159 d:- ref:0 ;
in:952 out:949 type:P dur:2 cpbdur:2 q:30.73 aq:16.85 tex:377 mv:63 misc:832 imb:0 pmb:63 smb:8097 d:s ref:0 ;
in:950 out:950 type:B dur:2 cpbdur:2 q:30.79 aq:21.39 tex:203 mv:37 misc:552 imb:0 pmb:22 smb:8138 d:s ref:0 ;
in:949 out:951 type:b dur:2 cpbdur:2 q:30.82 aq:27.00 tex:25 mv:5 misc:394 imb:0 pmb:1 smb:8159 d:s ref:0 ;
in:951 out:952 type:b dur:2 cpbdur:2 q:30.76 aq:27.00 tex:25 mv:5 misc:394 imb:0 pmb:1 smb:8159 d:- ref:0 ;
in:956 out:953 type:P dur:2 cpbdur:2 q:30.61 aq:17.79 tex:336 mv:80 misc:856 imb:1 pmb:67 smb:8092 d:s ref:0 ;
in:954 out:954 type:B dur:2 cpbdur:2 q:30.67 aq:21.57 tex:193 mv:37 misc:554 imb:0 pmb:21 smb:8139 d:s ref:0 ;
in:953 out:955 type:b dur:2 cpbdur:2 q:30.70 aq:27.00 tex:25 mv:5 misc:394 imb:0 pmb:1 smb:8159 d:s ref:0 ;
in:955 out:956 type:b dur:2 cpbdur:2 q:30.64 aq:26.44 tex:25 mv:5 misc:394 imb:0 pmb:1 smb:8159 d:- ref:0 ;
in:960 out:957 type:P dur:2 cpbdur:2 q:30.47 aq:18.50 tex:350 mv:77 misc:717 imb:0 pmb:46 smb:8114 d:s ref:0 ;
in:958 out:958 type:B dur:2 cpbdur:2 q:30.54 aq:21.17 tex:214 mv:32 misc:570 imb:0 pmb:24 smb:8136 d:s ref:0 ;
in:957 out:959 type:b dur:2 cpbdur:2 q:30.58 aq:26.44 tex:25 mv:5 misc:394 imb:0 pmb:1 smb:8159 d:s ref:0 ;
in:959 out:960 type:b dur:2 cpbdur:2 q:30.50 aq:26.44 tex:25 mv:5 misc:394 imb:0 pmb:1 smb:8159 d:- ref:0 ;
in:964 out:961 type:P dur:2 cpbdur:2 q:30.32 aq:18.51 tex:56 mv:9 misc:447 imb:0 pmb:4 smb:8156 d:s ref:0 ;
in:962 out:962 type:B dur:2 cpbdur:2 q:30.39 aq:21.08 tex:112 mv:25 misc:503 imb:0 pmb:14 smb:8146 d:s ref:0 ;
in:961 out:963 type:b dur:2 cpbdur:2 q:30.43 aq:26.44 tex:25 mv:5 misc:394 imb:0 pmb:1 smb:8159 d:s ref:0 ;
in:963 out:964 type:b dur:2 cpbdur:2 q:30.36 aq:26.44 tex:25 mv:5 misc:394 imb:0 pmb:1 smb:8159 d:- ref:0 ;
in:968 out:965 type:P dur:2 cpbdur:2 q:30.17 aq:24.79 tex:118601 mv:36131 misc:4980 imb:2795 pmb:3080 smb:2285 d:s ref:0 w:7,119,12,4,15,8,15,8 ;
in:966 out:966 type:B dur:2 cpbdur:2 q:30.24 aq:22.28 tex:63 mv:22 misc:459 imb:0 pmb:7 smb:8153 d:s ref:0 ;
in:965 out:967 type:b dur:2 cpbdur:2 q:30.28 aq:30.00 tex:0 mv:0 misc:384 imb:0 pmb:0 smb:8160 d:s ref:0 ;
in:967 out:968 type:b dur:2 cpbdur:2 q:30.21 aq:23.30 tex:6202 mv:5666 misc:3396 imb:266 pmb:797 smb:7097 d:- ref:0 ;
in:971 out:969 type:P dur:2 cpbdur:2 q:30.10 aq:25.05 tex:364975 mv:53453 misc:2204 imb:4624 pmb:2977 smb:559 d:s ref:0 w:5,29,16,7,122,6,121,7 ;
in:969 out:970 type:B dur:2 cpbdur:2 q:30.15 aq:22.33 tex:1268 mv:448 misc:1164 imb:16 pmb:142 smb:8002 d:s ref:0 ;
in:970 out:971 type:b dur:2 cpbdur:2 q:30.12 aq:22.45 tex:1030 mv:520 misc:946 imb:22 pmb:121 smb:8017 d:- ref:0 ;
in:975 out:972 type:P dur:2 cpbdur:2 q:30.10 aq:24.97 tex:508239 mv:57523 misc:1166 imb:5182 pmb:2856 smb:122 d:s ref:0 w:5,29,17 ;
in:973 out:973 type:B dur:2 cpbdur:2 q:30.10 aq:22.62 tex:2513 mv:429 misc:1522 imb:9 pmb:236 smb:7915 d:s ref:0 ;
in:972 out:974 type:b dur:2 cpbdur:2 q:30.10 aq:22.21 tex:1188 mv:456 misc:1164 imb:14 pmb:158 smb:7988 d:s ref:0 ;
in:974 out:975 type:b dur:2 cpbdur:2 q:30.10 aq:23.62 tex:1923 mv:1306 misc:1691 imb:24 pmb:294 smb:7842 d:- ref:0 ;
in:979 out:976 type:P dur:2 cpbdur:2 q:30.11 aq:24.56 tex:594546 mv:56960 misc:1342 imb:5389 pmb:2623 smb:148 d:s ref:0 w:6,63,4 ;
in:977 out:977 type:B dur:2 cpbdur:2 q:30.10 aq:22.59 tex:4420 mv:1361 misc:2483 imb:38 pmb:508 smb:7614 d:s ref:0 ;
in:976 out:978 type:b dur:2 cpbdur:2 q:30.10 aq:22.65 tex:2195 mv:1173 misc:1672 imb:41 pmb:308 smb:7811 d:s ref:0 ;
in:978 out:979 type:b dur:2 cpbdur:2 q:30.11 aq:23.02 tex:754 mv:239 misc:863 imb:7 pmb:85 smb:8068 d:- ref:0 ;
in:983 out:980 type:P dur:2 cpbdur:2 q:30.16 aq:23.76 tex:674331 mv:57471 misc:942 imb:5749 pmb:2333 smb:78 d:s ref:0 w:6,69,-10,6,64,0,77,-26 ;
in:981 out:981 type:B dur:2 cpbdur:2 q:30.13 aq:21.37 tex:3630 mv:835 misc:2055 imb:21 pmb:448 smb:7691 d:s ref:0 ;
in:980 out:982 type:b dur:2 cpbdur:2 q:30.12 aq:21.46 tex:479 mv:173 misc:668 imb:7 pmb:45 smb:8108 d:s ref:0 ;
in:982 out:983 type:b dur:2 cpbdur:2 q:30.15 aq:22.66 tex:1561 mv:680 misc:1335 imb:24 pmb:193 smb:7943 d:- ref:0 ;
in:987 out:984 type:P dur:2 cpbdur:2 q:30.23 aq:18.81 tex:937632 mv:64599 misc:769 imb:5279 pmb:2875 smb:6 d:s ref:0 w:6,73,-20,6,77,-25,77,-26 ;
in:985 out:985 type:B dur:2 cpbdur:2 q:30.19 aq:22.06 tex:7749 mv:3994 misc:3377 imb:183 pmb:1105 smb:6872 d:s ref:0 ;
in:984 out:986 type:b dur:2 cpbdur:2 q:30.18 aq:22.05 tex:1056 mv:540 misc:1100 imb:26 pmb:114 smb:8020 d:s ref:0 ;
in:986 out:987 type:b dur:2 cpbdur:2 q:30.21 aq:22.73 tex:6370 mv:6065 misc:3309 imb:316 pmb:924 smb:6920 d:- ref:0 ;
in:989 out:988 type:P dur:2 cpbdur:2 q:30.37 aq:18.71 tex:51579 mv:6670 misc:6935 imb:84 pmb:2206 smb:5870 d:s ref:0 ;
in:988 out:989 type:b dur:2 cpbdur:2 q:30.30 aq:22.16 tex:182 mv:44 misc:526 imb:0 pmb:21 smb:8139 d:s ref:0 ;
in:991 out:990 type:P dur:2 cpbdur:2 q:30.33 aq:18.88 tex:41222 mv:3247 misc:5427 imb:46 pmb:1430 smb:6684 d:s ref:0 ;
in:990 out:991 type:b dur:2 cpbdur:2 q:30.35 aq:21.69 tex:142 mv:30 misc:484 imb:0 pmb:14 smb:8146 d:s ref:0 ;
in:993 out:992 type:P dur:2 cpbdur:2 q:30.26 aq:18.19 tex:20567 mv:1327 misc:3666 imb:27 pmb:741 smb:7392 d:s ref:0 ;
in:992 out:993 type:b dur:2 cpbdur:2 q:30.30 aq:21.78 tex:65 mv:17 misc:438 imb:0 pmb:5 smb:8155 d:s ref:0 ;
in:997 out:994 type:P dur:2 cpbdur:2 q:30.30 aq:18.91 tex:17055 mv:981 misc:3076 imb:24 pmb:586 smb:7550 d:s ref:0 ;
in:995 out:995 type:B dur:2 cpbdur:2 q:30.28 aq:21.12 tex:214 mv:42 misc:600 imb:0 pmb:31 smb:8129 d:s ref:0 ;
in:994 out:996 type:b dur:2 cpbdur:2 q:30.27 aq:21.78 tex:58 mv:15 misc:423 imb:0 pmb:4 smb:8156 d:s ref:0 ;
in:996 out:997 type:b dur:2 cpbdur:2 q:30.29 aq:23.17 tex:37 mv:9 misc:410 imb:0 pmb:2 smb:8158 d:- ref:0 ;
in:999 out:998 type:P dur:2 cpbdur:2 q:30.31 aq:21.06 tex:198 mv:38 misc:588 imb:0 pmb:26 smb:8134 d:s ref:0 ;
in:998 out:999 type:b dur:2 cpbdur:2 q:30.31 aq:23.17 tex:37 mv:9 misc:410 imb:0 pmb:2 smb:8158 d:s ref:0 ;
in:1000 out:1000 type:I dur:2 cpbdur:2 q:27.40 aq:15.11 tex:1493723 mv:254227 misc:378 imb:8160 pmb:0 smb:0 d:s ref:;
in:1004 out:1001 type:P dur:2 cpbdur:2 q:30.95 aq:17.61 tex:2302 mv:524 misc:1662 imb:11 pmb:212 smb:7937 d:s ref:0 ;
in:1002 out:1002 type:B dur:2 cpbdur:2 q:30.95 aq:33.00 tex:0 mv:0 misc:392 imb:0 pmb:0 smb:8160 d:s ref:0 ;
in:1001 out:1003 type:b dur:2 cpbdur:2 q:30.95 aq:35.00 tex:0 mv:0 misc:392 imb:0 pmb:0 smb:8160 d:s ref:0 ;
in:1003 out:1004 type:b dur:2 cpbdur:2 q:30.95 aq:35.00 tex:0 mv:0 misc:392 imb:0 pmb:0 smb:8160 d:- ref:0 ;
in:1008 out:1005 type:P dur:2 cpbdur:2 q:31.01 aq:17.25 tex:510 mv:104 misc:802 imb:0 pmb:61 smb:8099 d:s ref:0 ;
in:1006 out:1006 type:B dur:2 cpbdur:2 q:30.98 aq:33.00 tex:0 mv:0 misc:400 imb:0 pmb:0 smb:8160 d:s ref:0 ;
in:1005 out:1007 type:b dur:2 cpbdur:2 q:30.96 aq:35.00 tex:0 mv:0 misc:392 imb:0 pmb:0 smb:8160 d:s ref:0 ;
in:1007 out:1008 type:b dur:2 cpbdur:2 q:30.99 aq:35.00 tex:0 mv:0 misc:392 imb:0 pmb:0 smb:8160 d:- ref:0 ;
in:1012 out:1009 type:P dur:2 cpbdur:2 q:31.12 aq:19.30 tex:188 mv:39 misc:573 imb:0 pmb:23 smb:8137 d:s ref:0 ;
in:1010 out:1010 type:B dur:2 cpbdur:2 q:31.06 aq:33.00 tex:0 mv:0 misc:400 imb:0 pmb:0 smb:8160 d:s ref:0 ;
in:1009 out:1011 type:b dur:2 cpbdur:2 q:31.03 aq:35.00 tex:0 mv:0 misc:392 imb:0 pmb:0 smb:8160 d:s ref:0 ;
in:1011 out:1012 type:b dur:2 cpbdur:2 q:31.09 aq:35.00 tex:0 mv:0 misc:392 imb:0 pmb:0 smb:8160 d:- ref:0 ;
in:1016 out:1013 type:P dur:2 cpbdur:2 q:30.98 aq:19.00 tex:149 mv:35 misc:528 imb:0 pmb:16 smb:8144 d:s ref:0 ;
in:1014 out:1014 type:B dur:2 cpbdur:2 q:31.05 aq:33.00 tex:0 mv:0 misc:400 imb:0 pmb:0 smb:8160 d:s ref:0 ;
in:1013 out:1015 type:b dur:2 cpbdur:2 q:31.08 aq:35.00 tex:0 mv:0 misc:392 imb:0 pmb:0 smb:8160 d:s ref:0 ;
in:1015 out:1016 type:b dur:2 cpbdur:2 q:31.01 aq:35.00 tex:0 mv:0 misc:392 imb:0 pmb:0 smb:8160 d:- ref:0 ;
in:1020 out:1017 type:P dur:2 cpbdur:2 q:30.89 aq:19.71 tex:107 mv:21 misc:496 imb:0 pmb:10 smb:8150 d:s ref:0 ;
in:1018 out:1018 type:B dur:2 cpbdur:2 q:30.93 aq:33.00 tex:0 mv:0 misc:400 imb:0 pmb:0 smb:8160 d:s ref:0 ;
in:1017 out:1019 type:b dur:2 cpbdur:2 q:30.95 aq:35.00 tex:0 mv:0 misc:392 imb:0 pmb:0 smb:8160 d:s ref:0 ;
in:1019 out:1020 type:b dur:2 cpbdur:2 q:30.91 aq:35.00 tex:0 mv:0 misc:392 imb:0 pmb:0 smb:8160 d:- ref:0 ;
in:1024 out:1021 type:P dur:2 cpbdur:2 q:30.80 aq:19.86 tex:87 mv:17 misc:472 imb:0 pmb:7 smb:8153 d:s ref:0 ;
in:1022 out:1022 type:B dur:2 cpbdur:2 q:30.84 aq:33.00 tex:0 mv:0 misc:400 imb:0 pmb:0 smb:8160 d:s ref:0 ;
in:1021 out:1023 type:b dur:2 cpbdur:2 q:30.86 aq:35.00 tex:0 mv:0 misc:392 imb:0 pmb:0 smb:8160 d:s ref:0 ;
in:1023 out:1024 type:b dur:2 cpbdur:2 q:30.82 aq:35.00 tex:0 mv:0 misc:392 imb:0 pmb:0 smb:8160 d:- ref:0 ;
in:1028 out:1025 type:P dur:2 cpbdur:2 q:30.80 aq:20.64 tex:84 mv:14 misc:462 imb:0 pmb:6 smb:8154 d:s ref:0 ;
in:1026 out:1026 type:B dur:2 cpbdur:2 q:30.80 aq:33.00 tex:0 mv:0 misc:400 imb:0 pmb:0 smb:8160 d:s ref:0 ;
in:1025 out:1027 type:b dur:2 cpbdur:2 q:30.80 aq:35.00 tex:0 mv:0 misc:392 imb:0 pmb:0 smb:8160 d:s ref:0 ;
in:1027 out:1028 type:b dur:2 cpbdur:2 q:30.80 aq:35.00 tex:0 mv:0 misc:392 imb:0 pmb:0 smb:8160 d:- ref:0 ;
in:1032 out:1029 type:P dur:2 cpbdur:2 q:30.64 aq:34.00 tex:0 mv:0 misc:408 imb:0 pmb:0 smb:8160 d:s ref:0 ;
in:1030 out:1030 type:B dur:2 cpbdur:2 q:30.72 aq:33.00 tex:0 mv:0 misc:400 imb:0 pmb:0 smb:8160 d:s ref:0 ;
in:1029 out:1031 type:b dur:2 cpbdur:2 q:30.76 aq:35.00 tex:0 mv:0 misc:392 imb:0 pmb:0 smb:8160 d:s ref:0 ;
in:1031 out:1032 type:b dur:2 cpbdur:2 q:30.68 aq:35.00 tex:0 mv:0 misc:392 imb:0 pmb:0 smb:8160 d:- ref:0 ;
in:1034 out:1033 type:P dur:2 cpbdur:2 q:30.51 aq:29.40 tex:1004 mv:187 misc:833 imb:2 pmb:75 smb:8083 d:s ref:0 ;
in:1033 out:1034 type:b dur:2 cpbdur:2 q:30.57 aq:35.00 tex:0 mv:0 misc:392 imb:0 pmb:0 smb:8160 d:s ref:0 ;
in:1038 out:1035 type:P dur:2 cpbdur:2 q:30.45 aq:25.23 tex:203033 mv:42681 misc:2502 imb:4364 pmb:2614 smb:1182 d:s ref:0 w:7,113,16,6,56,15,55,19 ;
in:1036 out:1036 type:B dur:2 cpbdur:2 q:30.48 aq:24.62 tex:36248 mv:25655 misc:5985 imb:1530 pmb:2152 smb:4478 d:s ref:0 ;
in:1035 out:1037 type:b dur:2 cpbdur:2 q:30.50 aq:31.26 tex:265 mv:311 misc:1432 imb:2 pmb:272 smb:7886 d:s ref:0 ;
in:1037 out:1038 type:b dur:2 cpbdur:2 q:30.47 aq:23.43 tex:1624 mv:748 misc:1364 imb:28 pmb:223 smb:7909 d:- ref:0 ;
in:1042 out:1039 type:P dur:2 cpbdur:2 q:30.45 aq:25.66 tex:442028 mv:56230 misc:1286 imb:5655 pmb:2322 smb:183 d:s ref:0 w:7,113,15,7,111,16,113,16 ;
in:1040 out:1040 type:B dur:2 cpbdur:2 q:30.45 aq:25.10 tex:13893 mv:5054 misc:5325 imb:260 pmb:1268 smb:6632 d:s ref:0 ;
in:1039 out:1041 type:b dur:2 cpbdur:2 q:30.45 aq:24.29 tex:1448 mv:614 misc:1298 imb:34 pmb:177 smb:7949 d:s ref:0 ;
in:1041 out:1042 type:b dur:2 cpbdur:2 q:30.45 aq:24.75 tex:1666 mv:772 misc:1522 imb:26 pmb:256 smb:7878 d:- ref:0 ;
in:1046 out:1043 type:P dur:2 cpbdur:2 q:30.49 aq:25.44 tex:520783 mv:58195 misc:942 imb:5585 pmb:2501 smb:74 d:s ref:0 ;
in:1044 out:1044 type:B dur:2 cpbdur:2 q:30.47 aq:24.95 tex:13422 mv:5310 misc:5284 imb:238 pmb:1292 smb:6630 d:s ref:0 ;
in:1043 out:1045 type:b dur:2 cpbdur:2 q:30.46 aq:24.32 tex:2393 mv:1289 misc:1822 imb:48 pmb:336 smb:7776 d:s ref:0 ;
in:1045 out:1046 type:b dur:2 cpbdur:2 q:30.48 aq:23.29 tex:1962 mv:915 misc:1531 imb:43 pmb:254 smb:7863 d:- ref:0 ;
in:1050 out:1047 type:P dur:2 cpbdur:2 q:30.52 aq:24.80 tex:552365 mv:58585 misc:978 imb:5915 pmb:2189 smb:56 d:s ref:0 w:3,9,-23,6,72,-17,79,-30 ;
in:1048 out:1048 type:B dur:2 cpbdur:2 q:30.50 aq:24.69 tex:13087 mv:4877 misc:5044 imb:257 pmb:1115 smb:6788 d:s ref:0 ;
in:1047 out:1049 type:b dur:2 cpbdur:2 q:30.49 aq:24.78 tex:1029 mv:365 misc:1022 imb:21 pmb:124 smb:8015 d:s ref:0 ;
in:1049 out:1050 type:b dur:2 cpbdur:2 q:30.51 aq:23.39 tex:794 mv:335 misc:935 imb:17 pmb:103 smb:8040 d:- ref:0 ;
in:1054 out:1051 type:P dur:2 cpbdur:2 q:30.55 aq:23.51 tex:609184 mv:59263 misc:1001 imb:5516 pmb:2567 smb:77 d:s ref:0 w:4,19,-32,6,78,-28,81,-34 ;
in:1052 out:1052 type:B dur:2 cpbdur:2 q:30.53 aq:24.22 tex:13839 mv:6126 misc:5187 imb:324 pmb:1205 smb:6631 d:s ref:0 ;
in:1051 out:1053 type:b dur:2 cpbdur:2 q:30.52 aq:23.92 tex:2178 mv:971 misc:1659 imb:46 pmb:290 smb:7824 d:s ref:0 ;
in:1053 out:1054 type:b dur:2 cpbdur:2 q:30.54 aq:23.17 tex:1797 mv:826 misc:1273 imb:53 pmb:217 smb:7890 d:- ref:0 ;
in:1056 out:1055 type:P dur:2 cpbdur:2 q:30.61 aq:17.64 tex:684255 mv:65078 misc:931 imb:4154 pmb:3975 smb:31 d:s ref:0 w:5,35,-15,6,71,-14,72,-16 ;
in:1055 out:1056 type:b dur:2 cpbdur:2 q:30.58 aq:23.23 tex:4538 mv:2910 misc:2472 imb:176 pmb:615 smb:7369 d:s ref:0 ;
in:1058 out:1057 type:P dur:2 cpbdur:2 q:30.68 aq:17.49 tex:48160 mv:10038 misc:7562 imb:101 pmb:2512 smb:5547 d:s ref:0 ;
in:1057 out:1058 type:b dur:2 cpbdur:2 q:30.64 aq:20.96 tex:60 mv:23 misc:437 imb:0 pmb:7 smb:8153 d:s ref:0 ;
in:1062 out:1059 type:P dur:2 cpbdur:2 q:30.69 aq:17.78 tex:30577 mv:4253 misc:5578 imb:51 pmb:1380 smb:6729 d:s ref:0 ;
in:1060 out:1060 type:B dur:2 cpbdur:2 q:30.69 aq:22.02 tex:354 mv:57 misc:669 imb:1 pmb:40 smb:8119 d:t ref:0 ;
in:1059 out:1061 type:b dur:2 cpbdur:2 q:30.68 aq:22.01 tex:45 mv:14 misc:421 imb:0 pmb:4 smb:8156 d:s ref:0 ;
in:1061 out:1062 type:b dur:2 cpbdur:2 q:30.69 aq:22.01 tex:45 mv:14 misc:421 imb:0 pmb:4 smb:8156 d:- ref:0 ;
in:1066 out:1063 type:P dur:2 cpbdur:2 q:30.70 aq:17.60 tex:13790 mv:1598 misc:3484 imb:20 pmb:629 smb:7511 d:s ref:0 ;
in:1064 out:1064 type:B dur:2 cpbdur:2 q:30.69 aq:21.32 tex:281 mv:66 misc:637 imb:1 pmb:35 smb:8124 d:s ref:0 ;
in:1063 out:1065 type:b dur:2 cpbdur:2 q:30.69 aq:22.01 tex:30 mv:7 misc:403 imb:0 pmb:2 smb:8158 d:s ref:0 ;
in:1065 out:1066 type:b dur:2 cpbdur:2 q:30.69 aq:22.01 tex:30 mv:7 misc:403 imb:0 pmb:2 smb:8158 d:- ref:0 ;
in:1070 out:1067 type:P dur:2 cpbdur:2 q:30.70 aq:17.50 tex:7281 mv:894 misc:2569 imb:18 pmb:402 smb:7740 d:s ref:0 ;
in:1068 out:1068 type:B dur:2 cpbdur:2 q:30.70 aq:21.01 tex:225 mv:46 misc:569 imb:1 pmb:23 smb:8136 d:s ref:0 ;
in:1067 out:1069 type:b dur:2 cpbdur:2 q:30.70 aq:22.01 tex:30 mv:7 misc:403 imb:0 pmb:2 smb:8158 d:s ref:0 ;
in:1069 out:1070 type:b dur:2 cpbdur:2 q:30.70 aq:22.01 tex:30 mv:7 misc:403 imb:0 pmb:2 smb:8158 d:- ref:0 ;
in:1074 out:1071 type:P dur:2 cpbdur:2 q:30.79 aq:17.76 tex:3289 mv:400 misc:1767 imb:10 pmb:219 smb:7931 d:s ref:0 ;
in:1072 out:1072 type:B dur:2 cpbdur:2 q:30.74 aq:20.47 tex:220 mv:43 misc:561 imb:1 pmb:21 smb:8138 d:s ref:0 ;
in:1071 out:1073 type:b dur:2 cpbdur:2 q:30.72 aq:22.01 tex:30 mv:7 misc:403 imb:0 pmb:2 smb:8158 d:s ref:0 ;
in:1073 out:1074 type:b dur:2 cpbdur:2 q:30.76 aq:22.01 tex:30 mv:7 misc:403 imb:0 pmb:2 smb:8158 d:- ref:0 ;
in:1078 out:1075 type:P dur:2 cpbdur:2 q:30.83 aq:16.37 tex:1163 mv:278 misc:1423 imb:7 pmb:154 smb:7999 d:s ref:0 ;
in:1076 out:1076 type:B dur:2 cpbdur:2 q:30.81 aq:20.41 tex:188 mv:39 misc:541 imb:1 pmb:17 smb:8142 d:s ref:0 ;
in:1075 out:1077 type:b dur:2 cpbdur:2 q:30.80 aq:22.90 tex:19 mv:4 misc:401 imb:0 pmb:1 smb:8159 d:s ref:0 ;
in:1077 out:1078 type:b dur:2 cpbdur:2 q:30.82 aq:22.90 tex:19 mv:4 misc:401 imb:0 pmb:1 smb:8159 d:- ref:0 ;
in:1082 out:1079 type:P dur:2 cpbdur:2 q:30.86 aq:16.64 tex:735 mv:148 misc:1101 imb:2 pmb:108 smb:8050 d:s ref:0 ;
in:1080 out:1080 type:B dur:2 cpbdur:2 q:30.85 aq:20.62 tex:212 mv:45 misc:567 imb:1 pmb:21 smb:8138 d:s ref:0 ;
in:1079 out:1081 type:b dur:2 cpbdur:2 q:30.84 aq:22.90 tex:19 mv:4 misc:401 imb:0 pmb:1 smb:8159 d:s ref:0 ;
in:1081 out:1082 type:b dur:2 cpbdur:2 q:30.85 aq:22.90 tex:19 mv:4 misc:401 imb:0 pmb:1 smb:8159 d:- ref:0 ;
in:1086 out:1083 type:P dur:2 cpbdur:2 q:30.78 aq:16.99 tex:745 mv:141 misc:1466 imb:1 pmb:173 smb:7986 d:s ref:0 ;
in:1084 out:1084 type:B dur:2 cpbdur:2 q:30.82 aq:21.05 tex:172 mv:37 misc:527 imb:1 pmb:15 smb:8144 d:s ref:0 ;
in:1083 out:1085 type:b dur:2 cpbdur:2 q:30.84 aq:22.90 tex:19 mv:4 misc:401 imb:0 pmb:1 smb:8159 d:s ref:0 ;
in:1085 out:1086 type:b dur:2 cpbdur:2 q:30.80 aq:22.90 tex:19 mv:4 misc:401 imb:0 pmb:1 smb:8159 d:- ref:0 ;
in:1090 out:1087 type:P dur:2 cpbdur:2 q:30.68 aq:16.99 tex:317 mv:84 misc:839 imb:1 pmb:61 smb:8098 d:s ref:0 ;
in:1088 out:1088 type:B dur:2 cpbdur:2 q:30.73 aq:20.44 tex:190 mv:41 misc:537 imb:1 pmb:17 smb:8142 d:s ref:0 ;
in:1087 out:1089 type:b dur:2 cpbdur:2 q:30.75 aq:22.01 tex:30 mv:7 misc:403 imb:0 pmb:2 smb:8158 d:s ref:0 ;
in:1089 out:1090 type:b dur:2 cpbdur:2 q:30.71 aq:22.01 tex:30 mv:7 misc:403 imb:0 pmb:2 smb:8158 d:- ref:0 ;
in:1094 out:1091 type:P dur:2 cpbdur:2 q:30.52 aq:16.73 tex:322 mv:64 misc:702 imb:0 pmb:39 smb:8121 d:s ref:0 ;
in:1092 out:1092 type:B dur:2 cpbdur:2 q:30.60 aq:20.59 tex:167 mv:37 misc:532 imb:1 pmb:16 smb:8143 d:s ref:0 ;
in:1091 out:1093 type:b dur:2 cpbdur:2 q:30.64 aq:22.43 tex:17 mv:4 misc:395 imb:0 pmb:1 smb:8159 d:s ref:0 ;
in:1093 out:1094 type:b dur:2 cpbdur:2 q:30.56 aq:22.43 tex:17 mv:4 misc:395 imb:0 pmb:1 smb:8159 d:- ref:0 ;
in:1098 out:1095 type:P dur:2 cpbdur:2 q:30.37 aq:18.01 tex:339 mv:80 misc:749 imb:1 pmb:49 smb:8110 d:s ref:0 ;
in:1096 out:1096 type:B dur:2 cpbdur:2 q:30.45 aq:20.41 tex:241 mv:47 misc:608 imb:1 pmb:28 smb:8131 d:s ref:0 ;
in:1095 out:1097 type:b dur:2 cpbdur:2 q:30.49 aq:22.43 tex:17 mv:4 misc:395 imb:0 pmb:1 smb:8159 d:s ref:0 ;
in:1097 out:1098 type:b dur:2 cpbdur:2 q:30.41 aq:22.43 tex:17 mv:4 misc:395 imb:0 pmb:1 smb:8159 d:- ref:0 ;
in:1102 out:1099 type:P dur:2 cpbdur:2 q:30.29 aq:18.54 tex:107 mv:25 misc:500 imb:0 pmb:9 smb:8151 d:s ref:0 ;
in:1100 out:1100 type:B dur:2 cpbdur:2 q:30.33 aq:20.32 tex:201 mv:30 misc:569 imb:0 pmb:23 smb:8137 d:s ref:0 ;
in:1099 out:1101 type:b dur:2 cpbdur:2 q:30.35 aq:21.55 tex:31 mv:7 misc:410 imb:0 pmb:2 smb:8158 d:s ref:0 ;
in:1101 out:1102 type:b dur:2 cpbdur:2 q:30.31 aq:21.55 tex:31 mv:7 misc:410 imb:0 pmb:2 smb:8158 d:- ref:0 ;
in:1106 out:1103 type:P dur:2 cpbdur:2 q:30.15 aq:24.82 tex:160855 mv:48444 misc:2917 imb:4372 pmb:3013 smb:775 d:s ref:0 w:5,29,12,7,117,10,118,10 ;
in:1104 out:1104 type:B dur:2 cpbdur:2 q:30.22 aq:19.27 tex:113 mv:23 misc:472 imb:0 pmb:9 smb:8151 d:s ref:0 ;
in:1103 out:1105 type:b dur:2 cpbdur:2 q:30.26 aq:21.90 tex:27 mv:7 misc:406 imb:0 pmb:2 smb:8158 d:s ref:0 ;
in:1105 out:1106 type:b dur:2 cpbdur:2 q:30.19 aq:22.58 tex:6618 mv:3980 misc:3146 imb:202 pmb:1019 smb:6939 d:- ref:0 ;
in:1110 out:1107 type:P dur:2 cpbdur:2 q:30.06 aq:25.01 tex:359940 mv:57691 misc:985 imb:6047 pmb:2058 smb:55 d:s ref:0 w:7,107,20,7,107,20,114,15 ;
in:1108 out:1108 type:B dur:2 cpbdur:2 q:30.11 aq:23.27 tex:19249 mv:8250 misc:5997 imb:510 pmb:1453 smb:6197 d:s ref:0 ;
in:1107 out:1109 type:b dur:2 cpbdur:2 q:30.13 aq:22.94 tex:2091 mv:983 misc:1574 imb:52 pmb:243 smb:7865 d:s ref:0 ;
in:1109 out:1110 type:b dur:2 cpbdur:2 q:30.09 aq:23.07 tex:3195 mv:1546 misc:1971 imb:75 pmb:406 smb:7679 d:- ref:0 ;
in:1114 out:1111 type:P dur:2 cpbdur:2 q:30.05 aq:24.94 tex:417230 mv:59151 misc:827 imb:6100 pmb:2032 smb:28 d:s ref:0 w:7,117,9,3,7,15,8,0 ;
in:1112 out:1112 type:B dur:2 cpbdur:2 q:30.05 aq:23.65 tex:17847 mv:6766 misc:5859 imb:384 pmb:1474 smb:6302 d:s ref:0 ;
in:1111 out:1113 type:b dur:2 cpbdur:2 q:30.06 aq:22.62 tex:1177 mv:477 misc:1122 imb:24 pmb:132 smb:8004 d:s ref:0 ;
in:1113 out:1114 type:b dur:2 cpbdur:2 q:30.05 aq:23.26 tex:1671 mv:747 misc:1390 imb:33 pmb:213 smb:7914 d:- ref:0 ;
in:1118 out:1115 type:P dur:2 cpbdur:2 q:30.09 aq:24.61 tex:463710 mv:59065 misc:793 imb:6413 pmb:1729 smb:18 d:s ref:0 w:4,17,-10,6,63,2,64,0 ;
in:1116 out:1116 type:B dur:2 cpbdur:2 q:30.07 aq:23.66 tex:18150 mv:7066 misc:5728 imb:408 pmb:1516 smb:6236 d:s ref:0 ;
in:1115 out:1117 type:b dur:2 cpbdur:2 q:30.06 aq:23.27 tex:3766 mv:2104 misc:2426 imb:83 pmb:515 smb:7562 d:s ref:0 ;
in:1117 out:1118 type:b dur:2 cpbdur:2 q:30.08 aq:23.81 tex:4022 mv:2242 misc:2496 imb:92 pmb:540 smb:7528 d:- ref:0 ;
in:1122 out:1119 type:P dur:2 cpbdur:2 q:30.08 aq:23.73 tex:510995 mv:61087 misc:870 imb:6361 pmb:1753 smb:46 d:s ref:0 w:4,19,-27,4,16,0,19,-25 ;
in:1120 out:1120 type:B dur:2 cpbdur:2 q:30.08 aq:23.53 tex:19354 mv:7738 misc:5836 imb:377 pmb:1700 smb:6083 d:s ref:0 ;
in:1119 out:1121 type:b dur:2 cpbdur:2 q:30.08 aq:23.37 tex:2368 mv:1073 misc:1855 imb:45 pmb:326 smb:7789 d:s ref:0 ;
in:1121 out:1122 type:b dur:2 cpbdur:2 q:30.08 aq:23.42 tex:2818 mv:1134 misc:1808 imb:47 pmb:374 smb:7739 d:- ref:0 ;
in:1126 out:1123 type:P dur:2 cpbdur:2 q:30.10 aq:17.52 tex:842884 mv:72411 misc:737 imb:5161 pmb:2996 smb:3 d:s ref:0 w:5,37,-21,6,72,-15,73,-19 ;
in:1124 out:1124 type:B dur:2 cpbdur:2 q:30.09 aq:24.27 tex:60097 mv:33245 misc:6202 imb:1737 pmb:2958 smb:3465 d:s ref:0 ;
in:1123 out:1125 type:b dur:2 cpbdur:2 q:30.09 aq:23.34 tex:1995 mv:680 misc:1653 imb:22 pmb:270 smb:7868 d:s ref:0 ;
in:1125 out:1126 type:b dur:2 cpbdur:2 q:30.10 aq:23.74 tex:533 mv:1046 misc:3429 imb:7 pmb:870 smb:7283 d:- ref:0 ;
in:1128 out:1127 type:P dur:2 cpbdur:2 q:30.34 aq:17.52 tex:83250 mv:14182 misc:7616 imb:180 pmb:3335 smb:4645 d:s ref:0 ;
in:1127 out:1128 type:b dur:2 cpbdur:2 q:30.22 aq:22.37 tex:117 mv:35 misc:472 imb:0 pmb:11 smb:8149 d:s ref:0 ;
in:1130 out:1129 type:P dur:2 cpbdur:2 q:30.28 aq:17.01 tex:37407 mv:6001 misc:6608 imb:60 pmb:1905 smb:6195 d:s ref:0 ;
in:1129 out:1130 type:b dur:2 cpbdur:2 q:30.31 aq:22.68 tex:74 mv:18 misc:436 imb:0 pmb:6 smb:8154 d:s ref:0 ;
in:1134 out:1131 type:P dur:2 cpbdur:2 q:30.34 aq:17.03 tex:33801 mv:4461 misc:6058 imb:38 pmb:1607 smb:6515 d:s ref:0 ;
in:1132 out:1132 type:B dur:2 cpbdur:2 q:30.31 aq:22.51 tex:415 mv:54 misc:731 imb:0 pmb:52 smb:8108 d:s ref:0 ;
in:1131 out:1133 type:b dur:2 cpbdur:2 q:30.30 aq:24.37 tex:41 mv:11 misc:412 imb:0 pmb:3 smb:8157 d:s ref:0 ;
in:1133 out:1134 type:b dur:2 cpbdur:2 q:30.33 aq:24.37 tex:41 mv:11 misc:412 imb:0 pmb:3 smb:8157 d:- ref:0 ;
in:1138 out:1135 type:P dur:2 cpbdur:2 q:30.32 aq:16.78 tex:19164 mv:1953 misc:4243 imb:22 pmb:868 smb:7270 d:s ref:0 ;
in:1136 out:1136 type:B dur:2 cpbdur:2 q:30.33 aq:21.65 tex:289 mv:39 misc:640 imb:0 pmb:35 smb:8125 d:s ref:0 ;
in:1135 out:1137 type:b dur:2 cpbdur:2 q:30.34 aq:25.09 tex:41 mv:8 misc:407 imb:0 pmb:2 smb:8158 d:s ref:0 ;
in:1137 out:1138 type:b dur:2 cpbdur:2 q:30.32 aq:25.09 tex:41 mv:8 misc:407 imb:0 pmb:2 smb:8158 d:- ref:0 ;
in:1142 out:1139 type:P dur:2 cpbdur:2 q:30.31 aq:16.22 tex:10268 mv:1174 misc:3198 imb:16 pmb:560 smb:7584 d:s ref:0 ;
in:1140 out:1140 type:B dur:2 cpbdur:2 q:30.31 aq:21.95 tex:280 mv:40 misc:616 imb:0 pmb:32 smb:8128 d:s ref:0 ;
in:1139 out:1141 type:b dur:2 cpbdur:2 q:30.32 aq:23.68 tex:26 mv:5 misc:393 imb:0 pmb:1 smb:8159 d:s ref:0 ;
in:1141 out:1142 type:b dur:2 cpbdur:2 q:30.31 aq:23.68 tex:26 mv:5 misc:393 imb:0 pmb:1 smb:8159 d:- ref:0 ;
in:1146 out:1143 type:P dur:2 cpbdur:2 q:30.36 aq:15.86 tex:8278 mv:862 misc:2892 imb:13 pmb:493 smb:7654 d:s ref:0 ;
in:1144 out:1144 type:B dur:2 cpbdur:2 q:30.34 aq:21.17 tex:265 mv:43 misc:588 imb:0 pmb:29 smb:8131 d:s ref:0 ;
in:1143 out:1145 type:b dur:2 cpbdur:2 q:30.32 aq:23.68 tex:26 mv:5 misc:393 imb:0 pmb:1 smb:8159 d:s ref:0 ;
in:1145 out:1146 type:b dur:2 cpbdur:2 q:30.35 aq:23.68 tex:26 mv:5 misc:393 imb:0 pmb:1 smb:8159 d:- ref:0 ;
in:1150 out:1147 type:P dur:2 cpbdur:2 q:30.45 aq:16.16 tex:4627 mv:571 misc:2386 imb:9 pmb:360 smb:7791 d:s ref:0 ;
in:1148 out:1148 type:B dur:2 cpbdur:2 q:30.40 aq:20.69 tex:265 mv:35 misc:572 imb:0 pmb:26 smb:8134 d:s ref:0 ;
in:1147 out:1149 type:b dur:2 cpbdur:2 q:30.38 aq:23.68 tex:26 mv:5 misc:393 imb:0 pmb:1 smb:8159 d:s ref:0 ;
in:1149 out:1150 type:b dur:2 cpbdur:2 q:30.42 aq:23.68 tex:26 mv:5 misc:393 imb:0 pmb:1 smb:8159 d:- ref:0 ;
in:1154 out:1151 type:P dur:2 cpbdur:2 q:30.28 aq:15.92 tex:2925 mv:366 misc:2237 imb:7 pmb:321 smb:7832 d:s ref:0 ;
in:1152 out:1152 type:B dur:2 cpbdur:2 q:30.36 aq:21.46 tex:289 mv:42 misc:621 imb:0 pmb:33 smb:8127 d:s ref:0 ;
in:1151 out:1153 type:b dur:2 cpbdur:2 q:30.40 aq:23.68 tex:26 mv:5 misc:393 imb:0 pmb:1 smb:8159 d:s ref:0 ;
in:1153 out:1154 type:b dur:2 cpbdur:2 q:30.32 aq:23.68 tex:26 mv:5 misc:393 imb:0 pmb:1 smb:8159 d:- ref:0 ;
in:1158 out:1155 type:P dur:2 cpbdur:2 q:30.18 aq:16.57 tex:1558 mv:298 misc:1800 imb:8 pmb:228 smb:7924 d:s ref:0 ;
in:1156 out:1156 type:B dur:2 cpbdur:2 q:30.23 aq:20.16 tex:298 mv:38 misc:576 imb:0 pmb:27 smb:8133 d:s ref:0 ;
in:1155 out:1157 type:b dur:2 cpbdur:2 q:30.25 aq:23.68 tex:26 mv:5 misc:393 imb:0 pmb:1 smb:8159 d:s ref:0 ;
in:1157 out:1158 type:b dur:2 cpbdur:2 q:30.20 aq:23.68 tex:26 mv:5 misc:393 imb:0 pmb:1 smb:8159 d:- ref:0 ;
in:1162 out:1159 type:P dur:2 cpbdur:2 q:30.06 aq:15.83 tex:1200 mv:243 misc:1557 imb:7 pmb:184 smb:7969 d:s ref:0 ;
in:1160 out:1160 type:B dur:2 cpbdur:2 q:30.12 aq:21.26 tex:382 mv:61 misc:677 imb:1 pmb:43 smb:8116 d:s ref:0 ;
in:1159 out:1161 type:b dur:2 cpbdur:2 q:30.15 aq:23.68 tex:26 mv:5 misc:393 imb:0 pmb:1 smb:8159 d:s ref:0 ;
in:1161 out:1162 type:b dur:2 cpbdur:2 q:30.09 aq:23.38 tex:24 mv:5 misc:395 imb:0 pmb:1 smb:8159 d:- ref:0 ;
in:1166 out:1163 type:P dur:2 cpbdur:2 q:29.89 aq:16.71 tex:1250 mv:253 misc:1809 imb:8 pmb:232 smb:7920 d:s ref:0 ;
in:1164 out:1164 type:B dur:2 cpbdur:2 q:29.97 aq:20.19 tex:311 mv:37 misc:636 imb:0 pmb:34 smb:8126 d:s ref:0 ;
in:1163 out:1165 type:b dur:2 cpbdur:2 q:30.02 aq:23.38 tex:24 mv:5 misc:395 imb:0 pmb:1 smb:8159 d:s ref:0 ;
in:1165 out:1166 type:b dur:2 cpbdur:2 q:29.93 aq:23.38 tex:24 mv:5 misc:395 imb:0 pmb:1 smb:8159 d:- ref:0 ;
in:1170 out:1167 type:P dur:2 cpbdur:2 q:29.75 aq:16.61 tex:1024 mv:246 misc:1442 imb:8 pmb:161 smb:7991 d:s ref:0 ;
in:1168 out:1168 type:B dur:2 cpbdur:2 q:29.82 aq:20.80 tex:412 mv:51 misc:697 imb:1 pmb:46 smb:8113 d:s ref:0 ;
in:1167 out:1169 type:b dur:2 cpbdur:2 q:29.86 aq:22.68 tex:25 mv:5 misc:394 imb:0 pmb:1 smb:8159 d:s ref:0 ;
in:1169 out:1170 type:b dur:2 cpbdur:2 q:29.78 aq:22.68 tex:25 mv:5 misc:394 imb:0 pmb:1 smb:8159 d:- ref:0 ;
in:1174 out:1171 type:P dur:2 cpbdur:2 q:29.65 aq:16.60 tex:1060 mv:250 misc:1538 imb:7 pmb:181 smb:7972 d:s ref:0 ;
in:1172 out:1172 type:B dur:2 cpbdur:2 q:29.70 aq:20.11 tex:375 mv:43 misc:678 imb:0 pmb:42 smb:8118 d:s ref:0 ;
in:1171 out:1173 type:b dur:2 cpbdur:2 q:29.72 aq:21.31 tex:38 mv:8 misc:402 imb:0 pmb:2 smb:8158 d:s ref:0 ;
in:1173 out:1174 type:b dur:2 cpbdur:2 q:29.67 aq:21.31 tex:38 mv:8 misc:402 imb:0 pmb:2 smb:8158 d:- ref:0 ;
in:1178 out:1175 type:P dur:2 cpbdur:2 q:29.48 aq:16.66 tex:967 mv:228 misc:1485 imb:6 pmb:178 smb:7976 d:s ref:0 ;
in:1176 out:1176 type:B dur:2 cpbdur:2 q:29.57 aq:20.61 tex:424 mv:62 misc:730 imb:1 pmb:49 smb:8110 d:s ref:0 ;
in:1175 out:1177 type:b dur:2 cpbdur:2 q:29.61 aq:21.31 tex:38 mv:8 misc:402 imb:0 pmb:2 smb:8158 d:s ref:0 ;
in:1177 out:1178 type:b dur:2 cpbdur:2 q:29.53 aq:21.31 tex:38 mv:8 misc:402 imb:0 pmb:2 smb:8158 d:- ref:0 ;
in:1182 out:1179 type:P dur:2 cpbdur:2 q:29.41 aq:16.07 tex:686 mv:129 misc:1169 imb:3 pmb:118 smb:8039 d:s ref:0 ;
in:1180 out:1180 type:B dur:2 cpbdur:2 q:29.45 aq:20.41 tex:350 mv:38 misc:676 imb:0 pmb:41 smb:8119 d:s ref:0 ;
in:1179 out:1181 type:b dur:2 cpbdur:2 q:29.47 aq:22.66 tex:50 mv:11 misc:411 imb:0 pmb:3 smb:8157 d:s ref:0 ;
in:1181 out:1182 type:b dur:2 cpbdur:2 q:29.43 aq:22.66 tex:50 mv:11 misc:411 imb:0 pmb:3 smb:8157 d:- ref:0 ;
in:1186 out:1183 type:P dur:2 cpbdur:2 q:29.27 aq:17.19 tex:897 mv:126 misc:1433 imb:2 pmb:166 smb:7992 d:s ref:0 ;
in:1184 out:1184 type:B dur:2 cpbdur:2 q:29.34 aq:20.08 tex:484 mv:48 misc:772 imb:0 pmb:59 smb:8101 d:s ref:0 ;
in:1183 out:1185 type:b dur:2 cpbdur:2 q:29.37 aq:22.21 tex:72 mv:13 misc:419 imb:0 pmb:4 smb:8156 d:s ref:0 ;
in:1185 out:1186 type:b dur:2 cpbdur:2 q:29.30 aq:22.21 tex:72 mv:13 misc:419 imb:0 pmb:4 smb:8156 d:- ref:0 ;
in:1190 out:1187 type:P dur:2 cpbdur:2 q:29.15 aq:18.97 tex:344 mv:76 misc:644 imb:1 pmb:36 smb:8123 d:s ref:0 ;
in:1188 out:1188 type:B dur:2 cpbdur:2 q:29.21 aq:20.60 tex:317 mv:36 misc:647 imb:0 pmb:35 smb:8125 d:s ref:0 ;
in:1187 out:1189 type:b dur:2 cpbdur:2 q:29.24 aq:20.77 tex:80 mv:16 misc:424 imb:0 pmb:5 smb:8155 d:s ref:0 ;
in:1189 out:1190 type:b dur:2 cpbdur:2 q:29.18 aq:21.06 tex:45 mv:11 misc:416 imb:0 pmb:3 smb:8157 d:- ref:0 ;
in:1193 out:1191 type:P dur:2 cpbdur:2 q:28.98 aq:20.97 tex:26 mv:3 misc:419 imb:0 pmb:1 smb:8159 d:s ref:0 ;
in:1191 out:1192 type:B dur:2 cpbdur:2 q:29.09 aq:20.48 tex:32 mv:7 misc:425 imb:0 pmb:2 smb:8158 d:s ref:0 ;
in:1192 out:1193 type:b dur:2 cpbdur:2 q:29.03 aq:19.95 tex:47 mv:9 misc:408 imb:0 pmb:2 smb:8158 d:- ref:0 ;
